feature,importance,std
log_price,0.6029376214085612,0.0038456769772484928
item,0.051738900481926156,0.0008943389060935268
weekofyear,0.024927269600317742,0.0008421201032973192
log_price_lag1,0.012404559950989904,0.00034531179197439194
qty_in_week,0.011394816429633714,0.0002509653970192083
log_price_lag52,0.010129569247997901,0.00023562868757720306
year,0.009920631988026238,0.0003237707293277395
amount_week,0.005859878133278174,0.0003037008628031708
log_price_rollmean52,0.005142238203256558,0.0002966960126100957
log_qty_lag1,0.005084914414533742,0.00020589762516931153
log_qty_yoy_gap,0.004647043318343524,0.00019914469378050186
log_price_rollmean4,0.004481053694142048,0.00023050034483512423
log_price_lag2,0.003907668304560216,0.00018073893608473135
month,0.0038469869069214123,0.00020660266060799055
log_price_yoy_gap,0.0035734844000625985,0.00014699688363509336
log_qty_lag52,0.002805217018992548,0.00015133794020517392
log_price_rollstd26,0.0026976901478662023,0.00011707633116070029
log_price_lag4,0.0026752310682243235,0.0001429130521839344
log_price_rollstd4,0.0025056503459380567,8.607766225052328e-05
log_qty_rollstd4,0.002419056748815715,0.00010575213413703408
log_qty_lag2,0.0023616387624883577,0.00011109897777193796
log_qty_rollstd8,0.0022745019019384917,8.937091670259569e-05
price_vol_4,0.0022273001245502163,9.289896366886011e-05
log_price_lag12,0.0021891855259659893,7.250427031211883e-05
log_price_rollstd52,0.0018040286762287527,0.000124128327445344
log_price_lag8,0.0017424620838938254,0.0001779883474891195
log_price_rollstd8,0.001611807127249959,0.00012634177845665873
log_price_rollstd12,0.0015584768902067142,0.0001124538388852942
log_price_rollmean26,0.0014323199751335668,0.000135718604527714
price_vol_12,0.0013737435795000807,0.00010093121141963394
log_price_rollmean8,0.0013056460939790877,0.00017367374542868528
log_qty,0.0012941236639445435,4.608995712558584e-05
log_qty_rollstd26,0.0012225560969572418,5.88449176486158e-05
price_vol_8,0.0012194882649763012,8.407191499283848e-05
log_qty_rollstd12,0.00118227191953425,6.587075751994887e-05
log_qty_rollmean26,0.0010860379064162068,5.881039556443658e-05
log_qty_lag8,0.0010791840867194757,7.529433065232524e-05
log_qty_rollstd52,0.0010480979093375198,5.097185124689132e-05
log_qty_lag4,0.001031569574618371,9.78615311204296e-05
log_qty_lag12,0.001021922393396113,6.517194447719119e-05
log_qty_rollmean12,0.0009752330270394571,9.886509691933104e-05
log_qty_rollmean52,0.0009072995554862795,7.844823844929795e-05
log_price_rollmean12,0.000739349211320861,8.469964362935341e-05
log_qty_rollmean8,0.0007049804457602476,6.692216766653881e-05
log_qty_rollmean4,0.0005621230510504616,5.3167664154357095e-05
