feature,importance_gain,importance_split
log_price,83725.16777637973,1023
log_price_rollmean4,4804.396009139717,234
item,1551.3001828491688,1253
log_price_lag1,1514.5185340829194,557
weekofyear,771.857039347291,1090
log_price_lag52,497.1562418118119,510
log_price_lag2,468.68908455222845,427
log_price_yoy_gap,333.45676286518574,503
log_price_rollmean52,325.2543717175722,330
qty_in_week,211.57287057489157,370
log_qty_yoy_gap,204.32428892701864,473
price_vol_4,187.8174856081605,363
log_price_rollstd26,181.20129138976336,327
month,177.97402293235064,222
log_price_rollstd4,167.8632266074419,352
log_price_lag12,162.9944530799985,348
log_qty_lag52,160.4680136218667,283
log_price_rollstd52,148.76807940751314,261
log_price_rollstd12,146.08603322133422,295
log_qty_rollstd4,145.3518062159419,343
log_price_lag4,144.90988322347403,310
amount_week,143.68026454746723,381
log_price_lag8,143.2645297124982,304
price_vol_12,141.87651342898607,253
log_qty_lag1,137.39134262502193,286
price_vol_8,136.27390895038843,260
log_price_rollmean26,129.22014153003693,227
year,127.9656376503408,225
log_qty_rollstd8,127.45652279257774,263
log_price_rollstd8,117.47590339183807,257
log_qty_lag2,97.53502609580755,175
log_price_rollmean8,93.18650694936514,179
log_qty_rollstd12,91.98655208200216,217
log_qty_rollstd52,90.45588213205338,206
log_qty_rollstd26,87.76787882298231,215
log_price_rollmean12,77.72189909219742,167
log_qty_lag4,73.07518393546343,132
log_qty_lag12,68.68409421294928,162
log_qty_rollmean26,65.45154173672199,129
log_qty_lag8,60.650697097182274,139
log_qty_rollmean12,55.90193992853165,102
log_qty_rollmean52,51.92237085103989,104
log_qty_rollmean4,45.65041986852884,86
log_qty,29.991647101938725,46
log_qty_rollmean8,28.912982016801834,57
