item,WAPE,sMAPE,MAE,n
깐양파,0.05336247545261347,0.05560917568632525,86.70698571372162,261.0
표고버섯(일반),0.07353192571938186,0.07441516830253737,457.9897398043765,261.0
마늘,0.07729579690244555,0.07866287005402006,373.5791877037532,261.0
새송이(일반),0.08735381505775451,0.08517375463966657,212.14299710536318,261.0
수미,0.09062159142847702,0.09031343278954794,134.60758658156138,261.0
당근(일반),0.10053396789559935,0.09546416938681912,183.32224691756628,261.0
만생양파,0.10110736025665394,0.10404280224970762,107.01471378706924,240.0
호박고구마,0.1115574818845514,0.11080929749855431,287.11397863220975,261.0
대추방울,0.11961979277815166,0.11766352319139438,585.5896813432133,261.0
팽이,0.12218480305587999,0.12117392885165769,236.55627426585525,261.0
양송이(일반),0.12359859363127974,0.11941448011107778,984.0842030997146,261.0
브로코리(국산),0.14093621342947038,0.13575667613557815,517.5381234092802,261.0
빨강파프리카,0.1414715263315142,0.14583804212890938,609.8647197006053,261.0
밤고구마,0.14292702125608706,0.1391265255572838,308.2995898225419,261.0
대파(일반),0.14349367489153683,0.13584217403409235,252.82964219634223,261.0
양상추(일반),0.1452300942591421,0.1444810658937653,238.90386834184733,261.0
적채(일반),0.14714691691284895,0.14714805183929627,206.63517294332135,261.0
청양,0.1507196671086222,0.14183022320717092,735.8926767685438,261.0
노랑파프리카,0.15141611254229034,0.15516657351688606,630.1812089064739,261.0
애호박,0.15255075751329125,0.15562530162190039,381.4865822519843,261.0
자주양파,0.15523788287427398,0.15211121218068996,155.58974911924506,261.0
양배추(일반),0.16065387310424964,0.1607994619622092,125.25995681012314,261.0
일반부추,0.16127467585407482,0.1608680740957224,639.2530681704392,261.0
홍청양,0.16481140557986726,0.1514487253664877,826.4229020866337,261.0
시금치(일반),0.16847056044549136,0.14483871088302921,727.7200859921644,261.0
깻잎(일반),0.17037854533141972,0.16024546194654013,1240.4598488860647,261.0
포장쪽파,0.17290663154318237,0.17161157222726228,754.018330756868,261.0
느타리버섯(일반),0.17452529719332163,0.15841052732196692,553.9313533415633,261.0
오이맛고추,0.1757285599083173,0.17864628245035577,683.0022377478457,261.0
미나리(일반),0.17785300831449413,0.17407715829398618,929.6111143744527,261.0
완숙토마토,0.17885340589197812,0.17707789782778963,480.75017357854694,261.0
백다다기,0.1797132392441664,0.17908999637033757,454.03687236988384,261.0
레드치커리,0.18033105474445982,0.17385363599686016,835.4378838301259,261.0
토마토(일반),0.18101253790370564,0.17462551342904234,506.44898535506564,261.0
깐쪽파,0.18190813742887366,0.17880119855115786,1326.0268082508574,261.0
기타,0.1849717217851672,0.18418469195115228,570.2383953032407,128.0
청초(일반),0.18527379426428262,0.18921171213587012,698.873491841695,261.0
청피망,0.18573017108738313,0.19562171066503958,683.2476061819303,261.0
맛느타리버섯,0.18684921577960723,0.17609515481966634,583.4327244292868,261.0
단호박,0.1872649268178526,0.17452623178530677,346.5131215016807,227.0
홍고추(일반),0.18998047452932307,0.18026241363226572,1240.5551021034983,261.0
돌미나리,0.193765789629196,0.19006563574749832,840.1143016767121,261.0
청고추,0.19727020483053698,0.19947899626981858,813.0744625155564,261.0
홍피망,0.20186644645411553,0.21430667287878954,910.2529506863423,261.0
쪽파(일반),0.21146256656753631,0.22211031664371853,878.6250116517042,254.0
녹광,0.21496600128503215,0.21995722976890852,1015.3464938129479,261.0
취청,0.21872488020305297,0.22278354752072266,590.7945590927359,261.0
방울토마토,0.21926557732920746,0.21371584425214998,851.8018130794807,261.0
영양부추,0.273032972178851,0.24132463384961803,3009.1739788960267,261.0
쥬키니호박,0.2739155162408338,0.2533154311303871,428.1775587052047,260.0
치커리(일반),0.2750828579319871,0.2694275717982403,853.3506937279477,261.0
파프리카,0.288123711905649,0.304605561867404,1055.7574339515054,261.0
치콘,0.3017996043197876,0.2956016822348736,1311.9768978689171,261.0
뉴그린,0.32359402952139615,0.3335206925957538,1647.5154852331164,261.0
