item,WAPE_SNaive,WAPE_GBM,sMAPE_SNaive,sMAPE_GBM,n,improve_WAPE_pct
깐양파,0.31691080202733624,0.057671713090129584,0.37074229643605966,0.056712424284716685,52.0,81.8019099629318
당근(일반),0.36517313230330994,0.10869245567923184,0.4428886766590715,0.10414122284654244,52.0,70.23536343058427
호박고구마,0.30884817340219695,0.09908877568802835,0.35817732988637335,0.09583496166434716,52.0,67.91667096603152
마늘,0.16322775509236198,0.05687702447571653,0.1614340361190855,0.05795899946560758,52.0,65.15480811242377
홍피망,0.539189869626677,0.20294517267517298,0.533044502981128,0.21850422214444626,52.0,62.361093168221494
만생양파,0.4406039822790545,0.17344315531582322,0.5171956367510081,0.17785827580611302,48.0,60.635136700608896
뉴그린,0.6264282133120034,0.2520924221584199,0.5672866149203314,0.2589772782973065,52.0,59.75717300062586
애호박,0.2902390336753843,0.12055907565194529,0.31144697807073324,0.11978037110986173,52.0,58.462142694843834
쥬키니호박,0.6105584020952683,0.25529166610619686,0.628860314393768,0.3199664949174797,51.0,58.18718320309636
완숙토마토,0.36138653288067374,0.15550294878192678,0.38212346371881634,0.153181837516788,52.0,56.970463856971584
치콘,0.5941377575116144,0.25609283968413643,0.5984736885835656,0.25873605485519346,52.0,56.89672362236122
새송이(일반),0.1792931212222373,0.08138531405295658,0.16626476107905172,0.07679144713520446,52.0,54.6076762464981
양상추(일반),0.31023320014656824,0.14181987588071812,0.35518608740492474,0.14592367811270515,52.0,54.286041657141794
홍청양,0.419773705865574,0.19456141227814977,0.4168122083725766,0.17179165736388466,52.0,53.6508815203268
팽이,0.23037121085856901,0.11093799254138101,0.23824265852583498,0.10891042525619164,52.0,51.84381237224612
대파(일반),0.28387201491957215,0.13727391322655474,0.28782168961808513,0.13794824369248732,52.0,51.64232259194419
토마토(일반),0.3623378940134154,0.17636507838581092,0.38142888681929177,0.16976471019424014,52.0,51.32579801899464
적채(일반),0.3185486258991947,0.15730953246790885,0.33221561776833164,0.15401334485057047,52.0,50.6167913850334
빨강파프리카,0.26152106156131977,0.1308454226991541,0.2730391284260414,0.13745482652078955,52.0,49.967539165684244
치커리(일반),0.5943507360457866,0.2987449022765035,0.5404191856308335,0.29439783853019724,52.0,49.73592457139831
청양,0.34162495858218644,0.17380796307266985,0.29917054818543154,0.15881276626987517,52.0,49.12316600227088
청초(일반),0.38327648387357544,0.2037848375625154,0.3656324208094532,0.20570569897119942,52.0,46.83085288641548
깐쪽파,0.3522135039492617,0.19451258469572458,0.3491486337919911,0.19485824142543345,52.0,44.77423990996518
레드치커리,0.36002001693172186,0.2003582653962555,0.3829679976842168,0.20639491893275988,52.0,44.348020672902294
포장쪽파,0.3215972413399665,0.18466655816419872,0.31715475715540287,0.18353441630878511,52.0,42.57831398218238
대추방울,0.23675030507006978,0.1475628252382781,0.24913448936215457,0.14407453239636075,52.0,37.67153744760554
일반부추,0.27181879236805273,0.17219389439568594,0.2634033334547599,0.17453345829362446,52.0,36.65121793252285
표고버섯(일반),0.11481588758294027,0.07298513855083441,0.1112318947253857,0.07488781772825935,52.0,36.432892618530964
느타리버섯(일반),0.31735796506855724,0.20184188120860275,0.29828040471991973,0.18530911376593948,52.0,36.39930191605562
자주양파,0.23444523984210597,0.15122551405608564,0.2556858690265076,0.14976381664528912,52.0,35.49644507266051
수미,0.15683243001644528,0.10321511570614475,0.15055698404235845,0.11107155961780729,52.0,34.187644930757166
오이맛고추,0.2875258570251416,0.19065208028287095,0.2762363763466069,0.1953036865672758,52.0,33.69219650175667
청피망,0.2877870569791942,0.19120015592357603,0.32255362211331906,0.20287156194625283,52.0,33.561933628794506
방울토마토,0.3639803003790936,0.24370217730161428,0.36917229467399415,0.231823998719483,52.0,33.045228808319294
홍고추(일반),0.3178321067378359,0.21609237238735027,0.30156861562186177,0.20041763721200093,52.0,32.010527631938004
브로코리(국산),0.20862696695722455,0.14507406075735663,0.21941581265181204,0.13636650171998,52.0,30.46245992393609
취청,0.3508624484311148,0.24450243107030192,0.3840851652125586,0.25627032957369883,52.0,30.313878796777153
돌미나리,0.2772638687303251,0.19401981979259902,0.2912631960012799,0.18646505977583933,52.0,30.02340309212509
청고추,0.29980758493537457,0.21228059900195342,0.31323496725482136,0.21552025980582165,52.0,29.19438677720183
노랑파프리카,0.23677134547204234,0.17826267198490234,0.26352694066650867,0.18514818825804147,52.0,24.711044898821438
맛느타리버섯,0.28190972790618574,0.21483100789025317,0.2721076620384444,0.1927316693495978,52.0,23.79439706254305
녹광,0.2994513505012561,0.23268420544423266,0.3032342549961568,0.2331178463401355,52.0,22.29649154871431
양배추(일반),0.22510617688105963,0.17497734623805425,0.22929079490631177,0.1743780731463866,52.0,22.26897161933152
양송이(일반),0.16102210829089417,0.1263241000394141,0.1475886668074709,0.12569363869198685,52.0,21.54859889723742
파프리카,0.3639862129260572,0.28619014567881057,0.3481294511745431,0.2851243082088091,52.0,21.37335549658599
쪽파(일반),0.5133535589381741,0.41635349364796187,0.4992250672422759,0.5376955157767096,45.0,18.895372127320638
미나리(일반),0.22334825198774425,0.1933386814461605,0.2243042631856708,0.18315764463889422,52.0,13.436223599023487
백다다기,0.23912390598975058,0.2104058375840455,0.2451437153040253,0.20511920855497637,52.0,12.009701952148614
영양부추,0.38547580660230507,0.34817299251760125,0.3548731780126214,0.28317480307838766,52.0,9.677083086874266
밤고구마,0.34621983090570435,0.315772515445061,0.36962702949240583,0.29647919681314183,52.0,8.794214756847909
시금치(일반),0.21153360957745193,0.19668729605194324,0.23266317050051846,0.1511787528560412,52.0,7.018418281220125
깻잎(일반),0.20521133461753222,0.1937138599179524,0.20633308363550623,0.18834484608858706,52.0,5.60274836719352
단호박,0.25000153387055574,0.2522000224042604,0.21356690377465043,0.31148932171961824,39.0,-0.8793900180000536
