품목명,fold_end_idx,week_start,model,y_true,y_hat
깐양파,519,2025-06-09,HW-Add,1229.7547189151987,1110.9917447550617
깐양파,519,2025-06-09,HW-Mul,1229.7547189151987,1092.7675646538476
깐양파,519,2025-06-09,RollMean(4w),1229.7547189151987,1284.9247803411258
깐양파,519,2025-06-09,SeasonalNaive,1229.7547189151987,1841.600416876152
깐양파,519,2025-06-09,WeekMean,1229.7547189151987,1246.4406819033431
깐양파,519,2025-06-16,HW-Add,1213.9438577239569,1089.7762478623426
깐양파,519,2025-06-16,HW-Mul,1213.9438577239569,1063.7170300493628
깐양파,519,2025-06-16,RollMean(4w),1213.9438577239569,1284.9247803411258
깐양파,519,2025-06-16,SeasonalNaive,1213.9438577239569,1777.6904164759333
깐양파,519,2025-06-16,WeekMean,1213.9438577239569,1229.3332325465926
깐양파,519,2025-06-23,HW-Add,1396.6344543573746,1100.5606114613015
깐양파,519,2025-06-23,HW-Mul,1396.6344543573746,1070.1807900000188
깐양파,519,2025-06-23,RollMean(4w),1396.6344543573746,1284.9247803411258
깐양파,519,2025-06-23,SeasonalNaive,1396.6344543573746,1712.3685378027028
깐양파,519,2025-06-23,WeekMean,1396.6344543573746,1234.1109751245936
깐양파,519,2025-06-30,HW-Add,1293.4782608695652,1080.97644639821
깐양파,519,2025-06-30,HW-Mul,1293.4782608695652,1060.6814025604367
깐양파,519,2025-06-30,RollMean(4w),1293.4782608695652,1284.9247803411258
깐양파,519,2025-06-30,SeasonalNaive,1293.4782608695652,1624.5413895437614
깐양파,519,2025-06-30,WeekMean,1293.4782608695652,1268.036445756851
깐쪽파,519,2025-06-09,HW-Add,5320.5787303108855,4806.644649538459
깐쪽파,519,2025-06-09,HW-Mul,5320.5787303108855,4733.688384952511
깐쪽파,519,2025-06-09,RollMean(4w),5320.5787303108855,4522.868774863621
깐쪽파,519,2025-06-09,SeasonalNaive,5320.5787303108855,7916.854615028168
깐쪽파,519,2025-06-09,WeekMean,5320.5787303108855,7576.574843966554
깐쪽파,519,2025-06-16,HW-Add,7196.908779920949,5531.996544107178
깐쪽파,519,2025-06-16,HW-Mul,7196.908779920949,5578.810753003929
깐쪽파,519,2025-06-16,RollMean(4w),7196.908779920949,4522.868774863621
깐쪽파,519,2025-06-16,SeasonalNaive,7196.908779920949,14621.252073896429
깐쪽파,519,2025-06-16,WeekMean,7196.908779920949,8629.153980381609
깐쪽파,519,2025-06-23,HW-Add,10213.460063363442,3966.279698713649
깐쪽파,519,2025-06-23,HW-Mul,10213.460063363442,4466.190275795761
깐쪽파,519,2025-06-23,RollMean(4w),10213.460063363442,4522.868774863621
깐쪽파,519,2025-06-23,SeasonalNaive,10213.460063363442,13435.565302367932
깐쪽파,519,2025-06-23,WeekMean,10213.460063363442,8185.146532857784
깐쪽파,519,2025-06-30,HW-Add,11830.980233965309,3904.654421787187
깐쪽파,519,2025-06-30,HW-Mul,11830.980233965309,4320.583611558348
깐쪽파,519,2025-06-30,RollMean(4w),11830.980233965309,4522.868774863621
깐쪽파,519,2025-06-30,SeasonalNaive,11830.980233965309,10067.699854042556
깐쪽파,519,2025-06-30,WeekMean,11830.980233965309,7203.14087039625
깻잎(일반),519,2025-06-09,HW-Add,4757.186078302775,5515.802830999821
깻잎(일반),519,2025-06-09,HW-Mul,4757.186078302775,5184.319961674312
깻잎(일반),519,2025-06-09,RollMean(4w),4757.186078302775,6276.0264540056305
깻잎(일반),519,2025-06-09,SeasonalNaive,4757.186078302775,3612.806858698293
깻잎(일반),519,2025-06-09,WeekMean,4757.186078302775,3471.74419905509
깻잎(일반),519,2025-06-16,HW-Add,4104.37601975996,5622.537754728018
깻잎(일반),519,2025-06-16,HW-Mul,4104.37601975996,5305.999290370573
깻잎(일반),519,2025-06-16,RollMean(4w),4104.37601975996,6276.0264540056305
깻잎(일반),519,2025-06-16,SeasonalNaive,4104.37601975996,3589.6604458341003
깻잎(일반),519,2025-06-16,WeekMean,4104.37601975996,3558.403588563885
깻잎(일반),519,2025-06-23,HW-Add,4586.410042845099,5704.853823227764
깻잎(일반),519,2025-06-23,HW-Mul,4586.410042845099,5355.7474087158935
깻잎(일반),519,2025-06-23,RollMean(4w),4586.410042845099,6276.0264540056305
깻잎(일반),519,2025-06-23,SeasonalNaive,4586.410042845099,3526.2602746711777
깻잎(일반),519,2025-06-23,WeekMean,4586.410042845099,3470.754226536326
깻잎(일반),519,2025-06-30,HW-Add,5396.247595998012,6866.139677385382
깻잎(일반),519,2025-06-30,HW-Mul,5396.247595998012,7138.516179529389
깻잎(일반),519,2025-06-30,RollMean(4w),5396.247595998012,6276.0264540056305
깻잎(일반),519,2025-06-30,SeasonalNaive,5396.247595998012,3563.6599820945958
깻잎(일반),519,2025-06-30,WeekMean,5396.247595998012,3836.235549234586
노랑파프리카,519,2025-06-09,HW-Add,3543.58292401643,4495.119529794628
노랑파프리카,519,2025-06-09,HW-Mul,3543.58292401643,4326.0806608935145
노랑파프리카,519,2025-06-09,RollMean(4w),3543.58292401643,3486.101380614613
노랑파프리카,519,2025-06-09,SeasonalNaive,3543.58292401643,2632.294499849442
노랑파프리카,519,2025-06-09,WeekMean,3543.58292401643,2319.8620720170616
노랑파프리카,519,2025-06-16,HW-Add,2712.6211622037467,4250.651392949648
노랑파프리카,519,2025-06-16,HW-Mul,2712.6211622037467,3753.9354154883745
노랑파프리카,519,2025-06-16,RollMean(4w),2712.6211622037467,3486.101380614613
노랑파프리카,519,2025-06-16,SeasonalNaive,2712.6211622037467,2789.0206633161893
노랑파프리카,519,2025-06-16,WeekMean,2712.6211622037467,2087.686635848022
노랑파프리카,519,2025-06-23,HW-Add,2003.537559182749,4093.4343378668223
노랑파프리카,519,2025-06-23,HW-Mul,2003.537559182749,3397.1259642701702
노랑파프리카,519,2025-06-23,RollMean(4w),2003.537559182749,3486.101380614613
노랑파프리카,519,2025-06-23,SeasonalNaive,2003.537559182749,2249.7005389097258
노랑파프리카,519,2025-06-23,WeekMean,2003.537559182749,1804.5932548773644
노랑파프리카,519,2025-06-30,HW-Add,2482.716723549488,4197.5252131609495
노랑파프리카,519,2025-06-30,HW-Mul,2482.716723549488,3582.443785956852
노랑파프리카,519,2025-06-30,RollMean(4w),2482.716723549488,3486.101380614613
노랑파프리카,519,2025-06-30,SeasonalNaive,2482.716723549488,1249.095255019299
노랑파프리카,519,2025-06-30,WeekMean,2482.716723549488,1760.4714259706209
녹광,519,2025-06-09,HW-Add,4941.802616203339,4901.489428535556
녹광,519,2025-06-09,HW-Mul,4941.802616203339,4931.319428596526
녹광,519,2025-06-09,RollMean(4w),4941.802616203339,4781.431209017455
녹광,519,2025-06-09,SeasonalNaive,4941.802616203339,3601.9096097354413
녹광,519,2025-06-09,WeekMean,4941.802616203339,3143.8445619683107
녹광,519,2025-06-16,HW-Add,3270.797821656235,5143.008583378938
녹광,519,2025-06-16,HW-Mul,3270.797821656235,5328.549253473054
녹광,519,2025-06-16,RollMean(4w),3270.797821656235,4781.431209017455
녹광,519,2025-06-16,SeasonalNaive,3270.797821656235,4180.905643346639
녹광,519,2025-06-16,WeekMean,3270.797821656235,3460.1684393770256
녹광,519,2025-06-23,HW-Add,3075.059082196958,5226.701555631681
녹광,519,2025-06-23,HW-Mul,3075.059082196958,5379.252261696345
녹광,519,2025-06-23,RollMean(4w),3075.059082196958,4781.431209017455
녹광,519,2025-06-23,SeasonalNaive,3075.059082196958,5053.913112859932
녹광,519,2025-06-23,WeekMean,3075.059082196958,3538.597070100736
녹광,519,2025-06-30,HW-Add,4652.426520847574,5901.416588777178
녹광,519,2025-06-30,HW-Mul,4652.426520847574,6425.834379367981
녹광,519,2025-06-30,RollMean(4w),4652.426520847574,4781.431209017455
녹광,519,2025-06-30,SeasonalNaive,4652.426520847574,5068.578330866162
녹광,519,2025-06-30,WeekMean,4652.426520847574,3579.724837635548
뉴그린,519,2025-06-09,HW-Add,1584.1610516793978,2881.80653323941
뉴그린,519,2025-06-09,HW-Mul,1584.1610516793978,2627.4089537701475
뉴그린,519,2025-06-09,RollMean(4w),1584.1610516793978,2449.8547402590657
뉴그린,519,2025-06-09,SeasonalNaive,1584.1610516793978,1185.7361984033753
뉴그린,519,2025-06-09,WeekMean,1584.1610516793978,3197.271581111885
뉴그린,519,2025-06-16,HW-Add,2284.1163070402204,3586.3632718933795
뉴그린,519,2025-06-16,HW-Mul,2284.1163070402204,3094.166929940975
뉴그린,519,2025-06-16,RollMean(4w),2284.1163070402204,2449.8547402590657
뉴그린,519,2025-06-16,SeasonalNaive,2284.1163070402204,2321.854570455859
뉴그린,519,2025-06-16,WeekMean,2284.1163070402204,3744.5127889067135
뉴그린,519,2025-06-23,HW-Add,4451.526132273637,4365.029944428548
뉴그린,519,2025-06-23,HW-Mul,4451.526132273637,3874.29362884632
뉴그린,519,2025-06-23,RollMean(4w),4451.526132273637,2449.8547402590657
뉴그린,519,2025-06-23,SeasonalNaive,4451.526132273637,2288.5618690989595
뉴그린,519,2025-06-23,WeekMean,4451.526132273637,4082.0131283755422
뉴그린,519,2025-06-30,HW-Add,3530.6451612903224,8958.569502382536
뉴그린,519,2025-06-30,HW-Mul,3530.6451612903224,8347.948805274855
뉴그린,519,2025-06-30,RollMean(4w),3530.6451612903224,2449.8547402590657
뉴그린,519,2025-06-30,SeasonalNaive,3530.6451612903224,3089.459642036421
뉴그린,519,2025-06-30,WeekMean,3530.6451612903224,5685.135714954011
느타리버섯(일반),519,2025-06-09,HW-Add,4570.355765182806,5142.366638418935
느타리버섯(일반),519,2025-06-09,HW-Mul,4570.355765182806,5139.299013678736
느타리버섯(일반),519,2025-06-09,RollMean(4w),4570.355765182806,4755.3650702347595
느타리버섯(일반),519,2025-06-09,SeasonalNaive,4570.355765182806,4844.680480598828
느타리버섯(일반),519,2025-06-09,WeekMean,4570.355765182806,2288.948592368763
느타리버섯(일반),519,2025-06-16,HW-Add,6545.272978273278,4969.805059832656
느타리버섯(일반),519,2025-06-16,HW-Mul,6545.272978273278,4641.412543109331
느타리버섯(일반),519,2025-06-16,RollMean(4w),6545.272978273278,4755.3650702347595
느타리버섯(일반),519,2025-06-16,SeasonalNaive,6545.272978273278,3808.860751981897
느타리버섯(일반),519,2025-06-16,WeekMean,6545.272978273278,2210.9634081773374
느타리버섯(일반),519,2025-06-23,HW-Add,5390.00377211505,4920.839286073771
느타리버섯(일반),519,2025-06-23,HW-Mul,5390.00377211505,5700.386418929413
느타리버섯(일반),519,2025-06-23,RollMean(4w),5390.00377211505,4755.3650702347595
느타리버섯(일반),519,2025-06-23,SeasonalNaive,5390.00377211505,5536.24027836704
느타리버섯(일반),519,2025-06-23,WeekMean,5390.00377211505,2179.750300433944
느타리버섯(일반),519,2025-06-30,HW-Add,5126.865671641791,4962.712615819865
느타리버섯(일반),519,2025-06-30,HW-Mul,5126.865671641791,4808.283452307067
느타리버섯(일반),519,2025-06-30,RollMean(4w),5126.865671641791,4755.3650702347595
느타리버섯(일반),519,2025-06-30,SeasonalNaive,5126.865671641791,4202.358604837668
느타리버섯(일반),519,2025-06-30,WeekMean,5126.865671641791,1978.093546286967
단호박,466,2025-06-09,HW-Add,2302.197802197802,2458.2847111406945
단호박,466,2025-06-09,HW-Mul,2302.197802197802,4011.535480526356
단호박,466,2025-06-09,RollMean(4w),2302.197802197802,2566.212686997876
단호박,466,2025-06-09,SeasonalNaive,2302.197802197802,2740.3255497066007
단호박,466,2025-06-09,WeekMean,2302.197802197802,2844.390630000933
단호박,466,2025-06-16,HW-Add,3063.9589307421047,2347.8023553288936
단호박,466,2025-06-16,HW-Mul,3063.9589307421047,3355.3385126070452
단호박,466,2025-06-16,RollMean(4w),3063.9589307421047,2566.212686997876
단호박,466,2025-06-16,SeasonalNaive,3063.9589307421047,3152.2527134276893
단호박,466,2025-06-16,WeekMean,3063.9589307421047,2597.375604374258
단호박,466,2025-06-23,HW-Add,2811.590019962476,2200.7867016880255
단호박,466,2025-06-23,HW-Mul,2811.590019962476,3026.4852534484253
단호박,466,2025-06-23,RollMean(4w),2811.590019962476,2566.212686997876
단호박,466,2025-06-23,SeasonalNaive,2811.590019962476,2430.95012426619
단호박,466,2025-06-23,WeekMean,2811.590019962476,1472.3297303404938
단호박,466,2025-06-30,HW-Add,2246.4087495919034,2179.063339515689
단호박,466,2025-06-30,HW-Mul,2246.4087495919034,2904.836648050313
단호박,466,2025-06-30,RollMean(4w),2246.4087495919034,2566.212686997876
단호박,466,2025-06-30,SeasonalNaive,2246.4087495919034,2231.25
단호박,466,2025-06-30,WeekMean,2246.4087495919034,1238.1638411371919
당근(일반),519,2025-06-09,HW-Add,1122.8759074294403,1105.4923823394306
당근(일반),519,2025-06-09,HW-Mul,1122.8759074294403,1156.0050781099847
당근(일반),519,2025-06-09,RollMean(4w),1122.8759074294403,1081.4064165120058
당근(일반),519,2025-06-09,SeasonalNaive,1122.8759074294403,3104.4300317603843
당근(일반),519,2025-06-09,WeekMean,1122.8759074294403,1482.3254772469295
당근(일반),519,2025-06-16,HW-Add,902.4166126655216,1089.7801270426617
당근(일반),519,2025-06-16,HW-Mul,902.4166126655216,1161.6068845123602
당근(일반),519,2025-06-16,RollMean(4w),902.4166126655216,1081.4064165120058
당근(일반),519,2025-06-16,SeasonalNaive,902.4166126655216,2822.486834260111
당근(일반),519,2025-06-16,WeekMean,902.4166126655216,1460.0204799787195
당근(일반),519,2025-06-23,HW-Add,1034.4499405792435,1066.0165876178366
당근(일반),519,2025-06-23,HW-Mul,1034.4499405792435,1221.9800987584458
당근(일반),519,2025-06-23,RollMean(4w),1034.4499405792435,1081.4064165120058
당근(일반),519,2025-06-23,SeasonalNaive,1034.4499405792435,3175.134829905694
당근(일반),519,2025-06-23,WeekMean,1034.4499405792435,1545.6645035032514
당근(일반),519,2025-06-30,HW-Add,1020.086862106406,972.3522144482976
당근(일반),519,2025-06-30,HW-Mul,1020.086862106406,1213.9081726481136
당근(일반),519,2025-06-30,RollMean(4w),1020.086862106406,1081.4064165120058
당근(일반),519,2025-06-30,SeasonalNaive,1020.086862106406,3231.8786242607425
당근(일반),519,2025-06-30,WeekMean,1020.086862106406,1502.8538230142813
대추방울,519,2025-06-09,HW-Add,3721.9749864801142,3170.107614733718
대추방울,519,2025-06-09,HW-Mul,3721.9749864801142,3115.074411968759
대추방울,519,2025-06-09,RollMean(4w),3721.9749864801142,3687.5446594063783
대추방울,519,2025-06-09,SeasonalNaive,3721.9749864801142,3467.7962433422013
대추방울,519,2025-06-09,WeekMean,3721.9749864801142,2848.4081569659265
대추방울,519,2025-06-16,HW-Add,3307.833167065902,2726.9362125157995
대추방울,519,2025-06-16,HW-Mul,3307.833167065902,2555.8400561672674
대추방울,519,2025-06-16,RollMean(4w),3307.833167065902,3687.5446594063783
대추방울,519,2025-06-16,SeasonalNaive,3307.833167065902,2742.354834744366
대추방울,519,2025-06-16,WeekMean,3307.833167065902,2535.6638648781436
대추방울,519,2025-06-23,HW-Add,2811.0042631665237,2725.1749667819386
대추방울,519,2025-06-23,HW-Mul,2811.0042631665237,2548.9289968709313
대추방울,519,2025-06-23,RollMean(4w),2811.0042631665237,3687.5446594063783
대추방울,519,2025-06-23,SeasonalNaive,2811.0042631665237,2351.9194856202853
대추방울,519,2025-06-23,WeekMean,2811.0042631665237,2299.6759537863054
대추방울,519,2025-06-30,HW-Add,2624.520915742657,2929.8342569107026
대추방울,519,2025-06-30,HW-Mul,2624.520915742657,2813.1166674904043
대추방울,519,2025-06-30,RollMean(4w),2624.520915742657,3687.5446594063783
대추방울,519,2025-06-30,SeasonalNaive,2624.520915742657,2828.6358126759333
대추방울,519,2025-06-30,WeekMean,2624.520915742657,2440.7112377674493
대파(일반),519,2025-06-09,HW-Add,941.5260101366104,978.4895900207925
대파(일반),519,2025-06-09,HW-Mul,941.5260101366104,1019.7839767067024
대파(일반),519,2025-06-09,RollMean(4w),941.5260101366104,998.9410252808661
대파(일반),519,2025-06-09,SeasonalNaive,941.5260101366104,1247.279801582188
대파(일반),519,2025-06-09,WeekMean,941.5260101366104,1143.9981129892271
대파(일반),519,2025-06-16,HW-Add,1342.327375255786,976.3907642066395
대파(일반),519,2025-06-16,HW-Mul,1342.327375255786,1028.9734779589826
대파(일반),519,2025-06-16,RollMean(4w),1342.327375255786,998.9410252808661
대파(일반),519,2025-06-16,SeasonalNaive,1342.327375255786,1357.6306755288704
대파(일반),519,2025-06-16,WeekMean,1342.327375255786,1202.326491861865
대파(일반),519,2025-06-23,HW-Add,923.805946846901,999.9559970142757
대파(일반),519,2025-06-23,HW-Mul,923.805946846901,1067.283563711434
대파(일반),519,2025-06-23,RollMean(4w),923.805946846901,998.9410252808661
대파(일반),519,2025-06-23,SeasonalNaive,923.805946846901,1503.2892219550677
대파(일반),519,2025-06-23,WeekMean,923.805946846901,1220.5678242170175
대파(일반),519,2025-06-30,HW-Add,1029.00456794823,1055.567319859692
대파(일반),519,2025-06-30,HW-Mul,1029.00456794823,1061.4395428715875
대파(일반),519,2025-06-30,RollMean(4w),1029.00456794823,998.9410252808661
대파(일반),519,2025-06-30,SeasonalNaive,1029.00456794823,1323.881961783485
대파(일반),519,2025-06-30,WeekMean,1029.00456794823,1221.4663772083936
돌미나리,516,2025-06-09,HW-Add,1110.7352799919595,1673.453536816916
돌미나리,516,2025-06-09,HW-Mul,1110.7352799919595,1558.8301736534604
돌미나리,516,2025-06-09,RollMean(4w),1110.7352799919595,1823.1334889198124
돌미나리,516,2025-06-09,SeasonalNaive,1110.7352799919595,701.6892697574403
돌미나리,516,2025-06-09,WeekMean,1110.7352799919595,1003.2019447962396
돌미나리,516,2025-06-16,HW-Add,1018.0048737441916,1744.911864216226
돌미나리,516,2025-06-16,HW-Mul,1018.0048737441916,1667.2895383249286
돌미나리,516,2025-06-16,RollMean(4w),1018.0048737441916,1823.1334889198124
돌미나리,516,2025-06-16,SeasonalNaive,1018.0048737441916,820.3564720264761
돌미나리,516,2025-06-16,WeekMean,1018.0048737441916,1056.592567547414
돌미나리,516,2025-06-23,HW-Add,1272.717492506077,2123.0563266768013
돌미나리,516,2025-06-23,HW-Mul,1272.717492506077,2440.3913156543813
돌미나리,516,2025-06-23,RollMean(4w),1272.717492506077,1823.1334889198124
돌미나리,516,2025-06-23,SeasonalNaive,1272.717492506077,1385.8188872827898
돌미나리,516,2025-06-23,WeekMean,1272.717492506077,1277.4432828039398
돌미나리,516,2025-06-30,HW-Add,1608.9506867822563,2549.6327955585316
돌미나리,516,2025-06-30,HW-Mul,1608.9506867822563,3373.8862702817755
돌미나리,516,2025-06-30,RollMean(4w),1608.9506867822563,1823.1334889198124
돌미나리,516,2025-06-30,SeasonalNaive,1608.9506867822563,2299.730218326893
돌미나리,516,2025-06-30,WeekMean,1608.9506867822563,1699.4044089817066
레드치커리,519,2025-06-09,HW-Add,4202.942051671626,4101.925878526807
레드치커리,519,2025-06-09,HW-Mul,4202.942051671626,3698.4178834428017
레드치커리,519,2025-06-09,RollMean(4w),4202.942051671626,6670.149513210619
레드치커리,519,2025-06-09,SeasonalNaive,4202.942051671626,3105.4529064123976
레드치커리,519,2025-06-09,WeekMean,4202.942051671626,3478.609378065538
레드치커리,519,2025-06-16,HW-Add,3703.643131029504,4305.344301177899
레드치커리,519,2025-06-16,HW-Mul,3703.643131029504,3915.9031831915963
레드치커리,519,2025-06-16,RollMean(4w),3703.643131029504,6670.149513210619
레드치커리,519,2025-06-16,SeasonalNaive,3703.643131029504,3408.21859572693
레드치커리,519,2025-06-16,WeekMean,3703.643131029504,3558.8704619102227
레드치커리,519,2025-06-23,HW-Add,4024.866992817651,3877.7145596117184
레드치커리,519,2025-06-23,HW-Mul,4024.866992817651,3771.448075294421
레드치커리,519,2025-06-23,RollMean(4w),4024.866992817651,6670.149513210619
레드치커리,519,2025-06-23,SeasonalNaive,4024.866992817651,4166.950431917355
레드치커리,519,2025-06-23,WeekMean,4024.866992817651,3834.642149901772
레드치커리,519,2025-06-30,HW-Add,4052.5925925925926,5262.129161073515
레드치커리,519,2025-06-30,HW-Mul,4052.5925925925926,4980.9981119458635
레드치커리,519,2025-06-30,RollMean(4w),4052.5925925925926,6670.149513210619
레드치커리,519,2025-06-30,SeasonalNaive,4052.5925925925926,5332.197541520375
레드치커리,519,2025-06-30,WeekMean,4052.5925925925926,4092.824335994343
마늘,519,2025-06-09,HW-Add,7367.014079325537,6277.892428151556
마늘,519,2025-06-09,HW-Mul,7367.014079325537,6354.6348408557715
마늘,519,2025-06-09,RollMean(4w),7367.014079325537,7353.103827790778
마늘,519,2025-06-09,SeasonalNaive,7367.014079325537,4767.376689602469
마늘,519,2025-06-09,WeekMean,7367.014079325537,4775.5431514010625
마늘,519,2025-06-16,HW-Add,7357.947967184545,6258.142817277782
마늘,519,2025-06-16,HW-Mul,7357.947967184545,6293.122199309284
마늘,519,2025-06-16,RollMean(4w),7357.947967184545,7353.103827790778
마늘,519,2025-06-16,SeasonalNaive,7357.947967184545,4821.38650294614
마늘,519,2025-06-16,WeekMean,7357.947967184545,4779.466947871508
마늘,519,2025-06-23,HW-Add,7088.990622569847,6239.208101337637
마늘,519,2025-06-23,HW-Mul,7088.990622569847,6061.080925141597
마늘,519,2025-06-23,RollMean(4w),7088.990622569847,7353.103827790778
마늘,519,2025-06-23,SeasonalNaive,7088.990622569847,5219.376861261872
마늘,519,2025-06-23,WeekMean,7088.990622569847,4855.534186585056
마늘,519,2025-06-30,HW-Add,7017.789373814042,6197.578596042551
마늘,519,2025-06-30,HW-Mul,7017.789373814042,5963.173801694961
마늘,519,2025-06-30,RollMean(4w),7017.789373814042,7353.103827790778
마늘,519,2025-06-30,SeasonalNaive,7017.789373814042,5063.616565205001
마늘,519,2025-06-30,WeekMean,7017.789373814042,4923.385479376547
만생양파,467,2025-06-09,HW-Add,577.7374743291549,574.3091108614236
만생양파,467,2025-06-09,HW-Mul,577.7374743291549,627.8916333955997
만생양파,467,2025-06-09,RollMean(4w),577.7374743291549,684.9198588299313
만생양파,467,2025-06-09,SeasonalNaive,577.7374743291549,1602.2222222222224
만생양파,467,2025-06-09,WeekMean,577.7374743291549,747.1213938577826
만생양파,467,2025-06-16,HW-Add,846.4777074821958,602.7323611479081
만생양파,467,2025-06-16,HW-Mul,846.4777074821958,616.7628747770203
만생양파,467,2025-06-16,RollMean(4w),846.4777074821958,684.9198588299313
만생양파,467,2025-06-16,SeasonalNaive,846.4777074821958,2266.6666666666665
만생양파,467,2025-06-16,WeekMean,846.4777074821958,742.4628964175694
만생양파,467,2025-06-23,HW-Add,727.9852885652509,600.5223757692014
만생양파,467,2025-06-23,HW-Mul,727.9852885652509,640.9328402627708
만생양파,467,2025-06-23,RollMean(4w),727.9852885652509,684.9198588299313
만생양파,467,2025-06-23,SeasonalNaive,727.9852885652509,2266.6666666666665
만생양파,467,2025-06-23,WeekMean,727.9852885652509,696.3917871926014
만생양파,467,2025-06-30,HW-Add,652.9964602223605,565.0390557515186
만생양파,467,2025-06-30,HW-Mul,652.9964602223605,581.4337293912196
만생양파,467,2025-06-30,RollMean(4w),652.9964602223605,684.9198588299313
만생양파,467,2025-06-30,SeasonalNaive,652.9964602223605,836.0401907513126
만생양파,467,2025-06-30,WeekMean,652.9964602223605,759.8894642547247
맛느타리버섯,519,2025-06-09,HW-Add,1866.9358847740195,2995.808818168028
맛느타리버섯,519,2025-06-09,HW-Mul,1866.9358847740195,3191.8461806259515
맛느타리버섯,519,2025-06-09,RollMean(4w),1866.9358847740195,2327.366885477292
맛느타리버섯,519,2025-06-09,SeasonalNaive,1866.9358847740195,1851.9623275760896
맛느타리버섯,519,2025-06-09,WeekMean,1866.9358847740195,2134.4484583254216
맛느타리버섯,519,2025-06-16,HW-Add,1734.6179647610418,2530.1388895086175
맛느타리버섯,519,2025-06-16,HW-Mul,1734.6179647610418,2592.9878785233727
맛느타리버섯,519,2025-06-16,RollMean(4w),1734.6179647610418,2327.366885477292
맛느타리버섯,519,2025-06-16,SeasonalNaive,1734.6179647610418,1878.547729361084
맛느타리버섯,519,2025-06-16,WeekMean,1734.6179647610418,2346.0743269619256
맛느타리버섯,519,2025-06-23,HW-Add,2175.745794430844,2519.2541832889624
맛느타리버섯,519,2025-06-23,HW-Mul,2175.745794430844,2586.8279599477946
맛느타리버섯,519,2025-06-23,RollMean(4w),2175.745794430844,2327.366885477292
맛느타리버섯,519,2025-06-23,SeasonalNaive,2175.745794430844,2575.270688321338
맛느타리버섯,519,2025-06-23,WeekMean,2175.745794430844,2089.073575436335
맛느타리버섯,519,2025-06-30,HW-Add,2833.1225252969643,2677.6985207705693
맛느타리버섯,519,2025-06-30,HW-Mul,2833.1225252969643,2797.8269177738157
맛느타리버섯,519,2025-06-30,RollMean(4w),2833.1225252969643,2327.366885477292
맛느타리버섯,519,2025-06-30,SeasonalNaive,2833.1225252969643,3354.899117140973
맛느타리버섯,519,2025-06-30,WeekMean,2833.1225252969643,2195.1555409425278
미나리(일반),519,2025-06-09,HW-Add,2914.168628189593,2937.3812875045305
미나리(일반),519,2025-06-09,HW-Mul,2914.168628189593,2491.011806116374
미나리(일반),519,2025-06-09,RollMean(4w),2914.168628189593,3154.917675347366
미나리(일반),519,2025-06-09,SeasonalNaive,2914.168628189593,1570.185051739586
미나리(일반),519,2025-06-09,WeekMean,2914.168628189593,1796.3848517390454
미나리(일반),519,2025-06-16,HW-Add,2139.3068301807093,2773.831544205342
미나리(일반),519,2025-06-16,HW-Mul,2139.3068301807093,2049.878649797815
미나리(일반),519,2025-06-16,RollMean(4w),2139.3068301807093,3154.917675347366
미나리(일반),519,2025-06-16,SeasonalNaive,2139.3068301807093,1491.020700663796
미나리(일반),519,2025-06-16,WeekMean,2139.3068301807093,1518.1607954174874
미나리(일반),519,2025-06-23,HW-Add,2756.0281059576514,3065.6906778775324
미나리(일반),519,2025-06-23,HW-Mul,2756.0281059576514,2492.70492537305
미나리(일반),519,2025-06-23,RollMean(4w),2756.0281059576514,3154.917675347366
미나리(일반),519,2025-06-23,SeasonalNaive,2756.0281059576514,1682.2972245960789
미나리(일반),519,2025-06-23,WeekMean,2756.0281059576514,1588.0521328697669
미나리(일반),519,2025-06-30,HW-Add,3649.350649350649,3578.1963953436843
미나리(일반),519,2025-06-30,HW-Mul,3649.350649350649,3346.273567724365
미나리(일반),519,2025-06-30,RollMean(4w),3649.350649350649,3154.917675347366
미나리(일반),519,2025-06-30,SeasonalNaive,3649.350649350649,1908.126773399016
미나리(일반),519,2025-06-30,WeekMean,3649.350649350649,1871.6718006753085
밤고구마,518,2025-06-02,HW-Add,1854.926156472508,2109.962980186966
밤고구마,518,2025-06-02,HW-Mul,1854.926156472508,2012.2262358219418
밤고구마,518,2025-06-02,RollMean(4w),1854.926156472508,2039.7294428755
밤고구마,518,2025-06-02,SeasonalNaive,1854.926156472508,1513.3297789711717
밤고구마,518,2025-06-02,WeekMean,1854.926156472508,2770.597522438764
밤고구마,518,2025-06-09,HW-Add,1748.208225835645,1980.7540154283176
밤고구마,518,2025-06-09,HW-Mul,1748.208225835645,1955.435987878179
밤고구마,518,2025-06-09,RollMean(4w),1748.208225835645,2039.7294428755
밤고구마,518,2025-06-09,SeasonalNaive,1748.208225835645,2511.863988983136
밤고구마,518,2025-06-09,WeekMean,1748.208225835645,2838.0308620381475
밤고구마,518,2025-06-16,HW-Add,2027.3024376547933,1737.3535865072108
밤고구마,518,2025-06-16,HW-Mul,2027.3024376547933,1691.0995417370711
밤고구마,518,2025-06-16,RollMean(4w),2027.3024376547933,2039.7294428755
밤고구마,518,2025-06-16,SeasonalNaive,2027.3024376547933,2165.566862610834
밤고구마,518,2025-06-16,WeekMean,2027.3024376547933,2933.8371860488273
밤고구마,518,2025-06-23,HW-Add,2482.251225847356,1851.5021317430044
밤고구마,518,2025-06-23,HW-Mul,2482.251225847356,1815.6042419459618
밤고구마,518,2025-06-23,RollMean(4w),2482.251225847356,2039.7294428755
밤고구마,518,2025-06-23,SeasonalNaive,2482.251225847356,2088.84513978264
밤고구마,518,2025-06-23,WeekMean,2482.251225847356,2700.015620598622
방울토마토,519,2025-06-09,HW-Add,2684.8436680817413,2433.3378913854094
방울토마토,519,2025-06-09,HW-Mul,2684.8436680817413,2325.277920110846
방울토마토,519,2025-06-09,RollMean(4w),2684.8436680817413,2604.4793753806234
방울토마토,519,2025-06-09,SeasonalNaive,2684.8436680817413,2500.8781397257867
방울토마토,519,2025-06-09,WeekMean,2684.8436680817413,2013.8448666236602
방울토마토,519,2025-06-16,HW-Add,2051.593456748166,2103.9391731766978
방울토마토,519,2025-06-16,HW-Mul,2051.593456748166,1926.9187833799238
방울토마토,519,2025-06-16,RollMean(4w),2051.593456748166,2604.4793753806234
방울토마토,519,2025-06-16,SeasonalNaive,2051.593456748166,1848.3570425793048
방울토마토,519,2025-06-16,WeekMean,2051.593456748166,1899.271539540868
방울토마토,519,2025-06-23,HW-Add,3012.6364026840497,2169.0790140304052
방울토마토,519,2025-06-23,HW-Mul,3012.6364026840497,1975.0181264175635
방울토마토,519,2025-06-23,RollMean(4w),3012.6364026840497,2604.4793753806234
방울토마토,519,2025-06-23,SeasonalNaive,3012.6364026840497,1509.8591333741454
방울토마토,519,2025-06-23,WeekMean,3012.6364026840497,1749.8159559350543
방울토마토,519,2025-06-30,HW-Add,3551.0302580285875,2680.325123566578
방울토마토,519,2025-06-30,HW-Mul,3551.0302580285875,2630.5910551006045
방울토마토,519,2025-06-30,RollMean(4w),3551.0302580285875,2604.4793753806234
방울토마토,519,2025-06-30,SeasonalNaive,3551.0302580285875,2557.7697809056804
방울토마토,519,2025-06-30,WeekMean,3551.0302580285875,2154.682672021945
백다다기,519,2025-06-09,HW-Add,1432.3732407448042,1673.4097726201783
백다다기,519,2025-06-09,HW-Mul,1432.3732407448042,1759.3035141683808
백다다기,519,2025-06-09,RollMean(4w),1432.3732407448042,1783.2509675296512
백다다기,519,2025-06-09,SeasonalNaive,1432.3732407448042,1080.961114781156
백다다기,519,2025-06-09,WeekMean,1432.3732407448042,1232.655081621771
백다다기,519,2025-06-16,HW-Add,1473.8802772225515,1664.5576048112805
백다다기,519,2025-06-16,HW-Mul,1473.8802772225515,1712.6978779792944
백다다기,519,2025-06-16,RollMean(4w),1473.8802772225515,1783.2509675296512
백다다기,519,2025-06-16,SeasonalNaive,1473.8802772225515,1156.0523040973533
백다다기,519,2025-06-16,WeekMean,1473.8802772225515,1173.4478825278184
백다다기,519,2025-06-23,HW-Add,1866.239231383246,2021.5109510172467
백다다기,519,2025-06-23,HW-Mul,1866.239231383246,2108.1215831290197
백다다기,519,2025-06-23,RollMean(4w),1866.239231383246,1783.2509675296512
백다다기,519,2025-06-23,SeasonalNaive,1866.239231383246,1545.1941563652836
백다다기,519,2025-06-23,WeekMean,1866.239231383246,1260.8858352820207
백다다기,519,2025-06-30,HW-Add,1505.757857220002,2502.7762286410702
백다다기,519,2025-06-30,HW-Mul,1505.757857220002,2774.119699591278
백다다기,519,2025-06-30,RollMean(4w),1505.757857220002,1783.2509675296512
백다다기,519,2025-06-30,SeasonalNaive,1505.757857220002,1745.274514902802
백다다기,519,2025-06-30,WeekMean,1505.757857220002,1637.6061752252137
브로코리(국산),519,2025-06-09,HW-Add,2712.292119184343,2815.596963322376
브로코리(국산),519,2025-06-09,HW-Mul,2712.292119184343,2821.4508963501726
브로코리(국산),519,2025-06-09,RollMean(4w),2712.292119184343,2883.383339933525
브로코리(국산),519,2025-06-09,SeasonalNaive,2712.292119184343,2586.754443554956
브로코리(국산),519,2025-06-09,WeekMean,2712.292119184343,2158.0550657752565
브로코리(국산),519,2025-06-16,HW-Add,2479.7117488783592,3030.5651341342027
브로코리(국산),519,2025-06-16,HW-Mul,2479.7117488783592,3091.971420299389
브로코리(국산),519,2025-06-16,RollMean(4w),2479.7117488783592,2883.383339933525
브로코리(국산),519,2025-06-16,SeasonalNaive,2479.7117488783592,2676.5495279302104
브로코리(국산),519,2025-06-16,WeekMean,2479.7117488783592,2256.1151361508655
브로코리(국산),519,2025-06-23,HW-Add,3279.486576615829,3345.15650976504
브로코리(국산),519,2025-06-23,HW-Mul,3279.486576615829,3543.8822797421203
브로코리(국산),519,2025-06-23,RollMean(4w),3279.486576615829,2883.383339933525
브로코리(국산),519,2025-06-23,SeasonalNaive,3279.486576615829,3668.031964220773
브로코리(국산),519,2025-06-23,WeekMean,3279.486576615829,2555.786125553747
브로코리(국산),519,2025-06-30,HW-Add,4456.170089112747,3657.686670653932
브로코리(국산),519,2025-06-30,HW-Mul,4456.170089112747,3989.2555407320015
브로코리(국산),519,2025-06-30,RollMean(4w),4456.170089112747,2883.383339933525
브로코리(국산),519,2025-06-30,SeasonalNaive,4456.170089112747,4175.192286987797
브로코리(국산),519,2025-06-30,WeekMean,4456.170089112747,2769.937308595154
빨강파프리카,519,2025-06-09,HW-Add,2822.758112905926,2974.9109193995273
빨강파프리카,519,2025-06-09,HW-Mul,2822.758112905926,2863.568399975708
빨강파프리카,519,2025-06-09,RollMean(4w),2822.758112905926,3479.747904068489
빨강파프리카,519,2025-06-09,SeasonalNaive,2822.758112905926,2359.089526685503
빨강파프리카,519,2025-06-09,WeekMean,2822.758112905926,2286.1584122054064
빨강파프리카,519,2025-06-16,HW-Add,2331.9871407888227,2846.962364086375
빨강파프리카,519,2025-06-16,HW-Mul,2331.9871407888227,2617.0669952146413
빨강파프리카,519,2025-06-16,RollMean(4w),2331.9871407888227,3479.747904068489
빨강파프리카,519,2025-06-16,SeasonalNaive,2331.9871407888227,2339.163215895545
빨강파프리카,519,2025-06-16,WeekMean,2331.9871407888227,2074.2073176708413
빨강파프리카,519,2025-06-23,HW-Add,2548.674542884668,2784.395361407256
빨강파프리카,519,2025-06-23,HW-Mul,2548.674542884668,2502.634587527333
빨강파프리카,519,2025-06-23,RollMean(4w),2548.674542884668,3479.747904068489
빨강파프리카,519,2025-06-23,SeasonalNaive,2548.674542884668,2196.147133390827
빨강파프리카,519,2025-06-23,WeekMean,2548.674542884668,1975.1806905162896
빨강파프리카,519,2025-06-30,HW-Add,4198.965648130575,2839.0358137901403
빨강파프리카,519,2025-06-30,HW-Mul,4198.965648130575,2551.5814632211386
빨강파프리카,519,2025-06-30,RollMean(4w),4198.965648130575,3479.747904068489
빨강파프리카,519,2025-06-30,SeasonalNaive,4198.965648130575,1529.004579018116
빨강파프리카,519,2025-06-30,WeekMean,4198.965648130575,1966.5881128164733
새송이(일반),519,2025-06-09,HW-Add,2120.074287667034,2248.6456827784073
새송이(일반),519,2025-06-09,HW-Mul,2120.074287667034,2249.670576160967
새송이(일반),519,2025-06-09,RollMean(4w),2120.074287667034,2348.9051259096386
새송이(일반),519,2025-06-09,SeasonalNaive,2120.074287667034,1442.2418916264994
새송이(일반),519,2025-06-09,WeekMean,2120.074287667034,1967.7151441266712
새송이(일반),519,2025-06-16,HW-Add,1919.0485044111665,2198.3314261616633
새송이(일반),519,2025-06-16,HW-Mul,1919.0485044111665,2179.871209029366
새송이(일반),519,2025-06-16,RollMean(4w),1919.0485044111665,2348.9051259096386
새송이(일반),519,2025-06-16,SeasonalNaive,1919.0485044111665,1364.7519570530474
새송이(일반),519,2025-06-16,WeekMean,1919.0485044111665,1868.937218723946
새송이(일반),519,2025-06-23,HW-Add,1978.2585668345807,2174.133081462061
새송이(일반),519,2025-06-23,HW-Mul,1978.2585668345807,2149.240442576384
새송이(일반),519,2025-06-23,RollMean(4w),1978.2585668345807,2348.9051259096386
새송이(일반),519,2025-06-23,SeasonalNaive,1978.2585668345807,1731.5692892063769
새송이(일반),519,2025-06-23,WeekMean,1978.2585668345807,1842.6313355985887
새송이(일반),519,2025-06-30,HW-Add,2319.266079565956,2180.769569444029
새송이(일반),519,2025-06-30,HW-Mul,2319.266079565956,2165.0732641904456
새송이(일반),519,2025-06-30,RollMean(4w),2319.266079565956,2348.9051259096386
새송이(일반),519,2025-06-30,SeasonalNaive,2319.266079565956,1943.8987216928792
새송이(일반),519,2025-06-30,WeekMean,2319.266079565956,1822.6323024090293
수미,519,2025-06-09,HW-Add,1045.136701694085,1297.1426482962818
수미,519,2025-06-09,HW-Mul,1045.136701694085,1240.380981713199
수미,519,2025-06-09,RollMean(4w),1045.136701694085,1994.8517146306167
수미,519,2025-06-09,SeasonalNaive,1045.136701694085,973.496694367601
수미,519,2025-06-09,WeekMean,1045.136701694085,995.5746301088509
수미,519,2025-06-16,HW-Add,1417.806468231818,1277.699774707505
수미,519,2025-06-16,HW-Mul,1417.806468231818,1155.3865413922042
수미,519,2025-06-16,RollMean(4w),1417.806468231818,1994.8517146306167
수미,519,2025-06-16,SeasonalNaive,1417.806468231818,829.9353864172739
수미,519,2025-06-16,WeekMean,1417.806468231818,894.2397964564701
수미,519,2025-06-23,HW-Add,1135.7171533297374,1310.1142338857298
수미,519,2025-06-23,HW-Mul,1135.7171533297374,1178.799340994549
수미,519,2025-06-23,RollMean(4w),1135.7171533297374,1994.8517146306167
수미,519,2025-06-23,SeasonalNaive,1135.7171533297374,1019.6374324282218
수미,519,2025-06-23,WeekMean,1135.7171533297374,892.9435776453786
수미,519,2025-06-30,HW-Add,873.0119457714,1286.5978012139005
수미,519,2025-06-30,HW-Mul,873.0119457714,1125.2556318294746
수미,519,2025-06-30,RollMean(4w),873.0119457714,1994.8517146306167
수미,519,2025-06-30,SeasonalNaive,873.0119457714,918.8809746819976
수미,519,2025-06-30,WeekMean,873.0119457714,856.8779077544192
시금치(일반),519,2025-06-09,HW-Add,3020.2190182661034,3140.488468814838
시금치(일반),519,2025-06-09,HW-Mul,3020.2190182661034,3198.5312237085195
시금치(일반),519,2025-06-09,RollMean(4w),3020.2190182661034,2606.091862004242
시금치(일반),519,2025-06-09,SeasonalNaive,3020.2190182661034,2768.720797745647
시금치(일반),519,2025-06-09,WeekMean,3020.2190182661034,2413.5819139460523
시금치(일반),519,2025-06-16,HW-Add,2960.935644795921,3552.61656502796
시금치(일반),519,2025-06-16,HW-Mul,2960.935644795921,3625.0872707740555
시금치(일반),519,2025-06-16,RollMean(4w),2960.935644795921,2606.091862004242
시금치(일반),519,2025-06-16,SeasonalNaive,2960.935644795921,3853.552556221825
시금치(일반),519,2025-06-16,WeekMean,2960.935644795921,2892.284796329174
시금치(일반),519,2025-06-23,HW-Add,4023.291436160209,3706.5285810825962
시금치(일반),519,2025-06-23,HW-Mul,4023.291436160209,3930.368447989532
시금치(일반),519,2025-06-23,RollMean(4w),4023.291436160209,2606.091862004242
시금치(일반),519,2025-06-23,SeasonalNaive,4023.291436160209,4731.905595102943
시금치(일반),519,2025-06-23,WeekMean,4023.291436160209,3291.093644694506
시금치(일반),519,2025-06-30,HW-Add,5743.515176902752,4662.657699855781
시금치(일반),519,2025-06-30,HW-Mul,5743.515176902752,5344.210171060487
시금치(일반),519,2025-06-30,RollMean(4w),5743.515176902752,2606.091862004242
시금치(일반),519,2025-06-30,SeasonalNaive,5743.515176902752,5192.460293493715
시금치(일반),519,2025-06-30,WeekMean,5743.515176902752,4091.13813471559
쑥갓(일반),415,2023-10-30,HW-Add,1718.75,1565.3981355446272
쑥갓(일반),415,2023-10-30,HW-Mul,1718.75,1546.3479151397341
쑥갓(일반),415,2023-10-30,RollMean(4w),1718.75,2525.1776747803856
쑥갓(일반),415,2023-10-30,SeasonalNaive,1718.75,5765.413516286154
쑥갓(일반),415,2023-10-30,WeekMean,1718.75,1590.3007875070402
쑥갓(일반),415,2023-11-06,HW-Add,1062.5,1591.7830154200165
쑥갓(일반),415,2023-11-06,HW-Mul,1062.5,1554.010739935757
쑥갓(일반),415,2023-11-06,RollMean(4w),1062.5,2525.1776747803856
쑥갓(일반),415,2023-11-06,SeasonalNaive,1062.5,9961.531172176294
쑥갓(일반),415,2023-11-06,WeekMean,1062.5,1571.291129748746
쑥갓(일반),415,2023-11-13,HW-Add,2416.6666666666665,1944.426779607145
쑥갓(일반),415,2023-11-13,HW-Mul,2416.6666666666665,1965.1717034566643
쑥갓(일반),415,2023-11-13,RollMean(4w),2416.6666666666665,2525.1776747803856
쑥갓(일반),415,2023-11-13,SeasonalNaive,2416.6666666666665,7787.232648158008
쑥갓(일반),415,2023-11-13,WeekMean,2416.6666666666665,1459.2277684885978
쑥갓(일반),415,2023-11-20,HW-Add,1969.9546279491835,2401.6236573168253
쑥갓(일반),415,2023-11-20,HW-Mul,1969.9546279491835,2551.9995245364275
쑥갓(일반),415,2023-11-20,RollMean(4w),1969.9546279491835,2525.1776747803856
쑥갓(일반),415,2023-11-20,SeasonalNaive,1969.9546279491835,7762.048682624193
쑥갓(일반),415,2023-11-20,WeekMean,1969.9546279491835,1362.00070782276
애호박,519,2025-06-09,HW-Add,1498.198762956612,1745.576308320108
애호박,519,2025-06-09,HW-Mul,1498.198762956612,1669.1420151594423
애호박,519,2025-06-09,RollMean(4w),1498.198762956612,1911.4548060211318
애호박,519,2025-06-09,SeasonalNaive,1498.198762956612,1267.7480703099511
애호박,519,2025-06-09,WeekMean,1498.198762956612,1461.4979492864989
애호박,519,2025-06-16,HW-Add,1798.1788477560258,1521.9965200652457
애호박,519,2025-06-16,HW-Mul,1798.1788477560258,1333.6492161797948
애호박,519,2025-06-16,RollMean(4w),1798.1788477560258,1911.4548060211318
애호박,519,2025-06-16,SeasonalNaive,1798.1788477560258,1179.8557438994742
애호박,519,2025-06-16,WeekMean,1798.1788477560258,1251.1364388236261
애호박,519,2025-06-23,HW-Add,2336.729217834351,1760.0618435544397
애호박,519,2025-06-23,HW-Mul,2336.729217834351,1602.3592484216474
애호박,519,2025-06-23,RollMean(4w),2336.729217834351,1911.4548060211318
애호박,519,2025-06-23,SeasonalNaive,2336.729217834351,1400.3136122032115
애호박,519,2025-06-23,WeekMean,2336.729217834351,1209.5057871218771
애호박,519,2025-06-30,HW-Add,1888.3001840679003,1865.2886055238964
애호박,519,2025-06-30,HW-Mul,1888.3001840679003,1750.7246482257951
애호박,519,2025-06-30,RollMean(4w),1888.3001840679003,1911.4548060211318
애호박,519,2025-06-30,SeasonalNaive,1888.3001840679003,1290.9877261988909
애호박,519,2025-06-30,WeekMean,1888.3001840679003,1370.5047151564952
양배추(일반),519,2025-06-09,HW-Add,460.8521250352509,550.5725760046776
양배추(일반),519,2025-06-09,HW-Mul,460.8521250352509,486.8043520780325
양배추(일반),519,2025-06-09,RollMean(4w),460.8521250352509,663.9049336265973
양배추(일반),519,2025-06-09,SeasonalNaive,460.8521250352509,592.2869386745829
양배추(일반),519,2025-06-09,WeekMean,460.8521250352509,490.6366489563226
양배추(일반),519,2025-06-16,HW-Add,366.1422857503516,579.3869780124877
양배추(일반),519,2025-06-16,HW-Mul,366.1422857503516,494.1357679607427
양배추(일반),519,2025-06-16,RollMean(4w),366.1422857503516,663.9049336265973
양배추(일반),519,2025-06-16,SeasonalNaive,366.1422857503516,602.999717207528
양배추(일반),519,2025-06-16,WeekMean,366.1422857503516,557.5699330227433
양배추(일반),519,2025-06-23,HW-Add,517.6109516182129,569.9132342713282
양배추(일반),519,2025-06-23,HW-Mul,517.6109516182129,491.8457985492493
양배추(일반),519,2025-06-23,RollMean(4w),517.6109516182129,663.9049336265973
양배추(일반),519,2025-06-23,SeasonalNaive,517.6109516182129,479.8038798340661
양배추(일반),519,2025-06-23,WeekMean,517.6109516182129,519.7686041968689
양배추(일반),519,2025-06-30,HW-Add,352.89240824534943,534.4774121262064
양배추(일반),519,2025-06-30,HW-Mul,352.89240824534943,452.4697771215986
양배추(일반),519,2025-06-30,RollMean(4w),352.89240824534943,663.9049336265973
양배추(일반),519,2025-06-30,SeasonalNaive,352.89240824534943,523.82184813868
양배추(일반),519,2025-06-30,WeekMean,352.89240824534943,484.4884023431076
양상추(일반),519,2025-06-09,HW-Add,995.4832201405188,881.247657500604
양상추(일반),519,2025-06-09,HW-Mul,995.4832201405188,833.5137053388082
양상추(일반),519,2025-06-09,RollMean(4w),995.4832201405188,1005.375461001476
양상추(일반),519,2025-06-09,SeasonalNaive,995.4832201405188,752.1633794712294
양상추(일반),519,2025-06-09,WeekMean,995.4832201405188,909.0378887343273
양상추(일반),519,2025-06-16,HW-Add,1189.0572799161048,1044.2869228276
양상추(일반),519,2025-06-16,HW-Mul,1189.0572799161048,945.7244541040452
양상추(일반),519,2025-06-16,RollMean(4w),1189.0572799161048,1005.375461001476
양상추(일반),519,2025-06-16,SeasonalNaive,1189.0572799161048,1178.3929675650963
양상추(일반),519,2025-06-16,WeekMean,1189.0572799161048,985.8121142765774
양상추(일반),519,2025-06-23,HW-Add,1273.7217748425362,1196.8535753117803
양상추(일반),519,2025-06-23,HW-Mul,1273.7217748425362,1028.6177141326614
양상추(일반),519,2025-06-23,RollMean(4w),1273.7217748425362,1005.375461001476
양상추(일반),519,2025-06-23,SeasonalNaive,1273.7217748425362,1494.8574302945992
양상추(일반),519,2025-06-23,WeekMean,1273.7217748425362,1146.8306991098734
양상추(일반),519,2025-06-30,HW-Add,1688.9255633963123,1493.8460086238565
양상추(일반),519,2025-06-30,HW-Mul,1688.9255633963123,1261.3662889270865
양상추(일반),519,2025-06-30,RollMean(4w),1688.9255633963123,1005.375461001476
양상추(일반),519,2025-06-30,SeasonalNaive,1688.9255633963123,1654.1931114846775
양상추(일반),519,2025-06-30,WeekMean,1688.9255633963123,1348.755799379525
양송이(일반),519,2025-06-09,HW-Add,8413.199106856655,6260.0169498158575
양송이(일반),519,2025-06-09,HW-Mul,8413.199106856655,6293.0670708549
양송이(일반),519,2025-06-09,RollMean(4w),8413.199106856655,5873.543378152905
양송이(일반),519,2025-06-09,SeasonalNaive,8413.199106856655,6462.706187654253
양송이(일반),519,2025-06-09,WeekMean,8413.199106856655,7434.20714992608
양송이(일반),519,2025-06-16,HW-Add,7655.233627284194,5981.03079207219
양송이(일반),519,2025-06-16,HW-Mul,7655.233627284194,5965.475924949317
양송이(일반),519,2025-06-16,RollMean(4w),7655.233627284194,5873.543378152905
양송이(일반),519,2025-06-16,SeasonalNaive,7655.233627284194,5056.085005504226
양송이(일반),519,2025-06-16,WeekMean,7655.233627284194,7075.949833368158
양송이(일반),519,2025-06-23,HW-Add,5565.276045854043,6314.550471501879
양송이(일반),519,2025-06-23,HW-Mul,5565.276045854043,6331.232111082918
양송이(일반),519,2025-06-23,RollMean(4w),5565.276045854043,5873.543378152905
양송이(일반),519,2025-06-23,SeasonalNaive,5565.276045854043,6675.98778312878
양송이(일반),519,2025-06-23,WeekMean,5565.276045854043,7172.3259867268935
양송이(일반),519,2025-06-30,HW-Add,5384.427009034713,6621.325079502207
양송이(일반),519,2025-06-30,HW-Mul,5384.427009034713,6484.127836415964
양송이(일반),519,2025-06-30,RollMean(4w),5384.427009034713,5873.543378152905
양송이(일반),519,2025-06-30,SeasonalNaive,5384.427009034713,6172.386741389903
양송이(일반),519,2025-06-30,WeekMean,5384.427009034713,7198.921233273487
영양부추,519,2025-06-09,HW-Add,5303.452912919446,3630.7489152533617
영양부추,519,2025-06-09,HW-Mul,5303.452912919446,3695.8364560694945
영양부추,519,2025-06-09,RollMean(4w),5303.452912919446,3389.6696171667318
영양부추,519,2025-06-09,SeasonalNaive,5303.452912919446,4684.695937481433
영양부추,519,2025-06-09,WeekMean,5303.452912919446,4187.583942644289
영양부추,519,2025-06-16,HW-Add,4931.773080306167,3760.052073109264
영양부추,519,2025-06-16,HW-Mul,4931.773080306167,3504.3200366511137
영양부추,519,2025-06-16,RollMean(4w),4931.773080306167,3389.6696171667318
영양부추,519,2025-06-16,SeasonalNaive,4931.773080306167,3561.802450107131
영양부추,519,2025-06-16,WeekMean,4931.773080306167,3973.665991589538
영양부추,519,2025-06-23,HW-Add,3442.0415315091445,3566.576793140447
영양부추,519,2025-06-23,HW-Mul,3442.0415315091445,3334.9255860915355
영양부추,519,2025-06-23,RollMean(4w),3442.0415315091445,3389.6696171667318
영양부추,519,2025-06-23,SeasonalNaive,3442.0415315091445,3844.219429747723
영양부추,519,2025-06-23,WeekMean,3442.0415315091445,3936.7649896416024
영양부추,519,2025-06-30,HW-Add,3147.7907667921536,3629.982106429763
영양부추,519,2025-06-30,HW-Mul,3147.7907667921536,3245.404062686694
영양부추,519,2025-06-30,RollMean(4w),3147.7907667921536,3389.6696171667318
영양부추,519,2025-06-30,SeasonalNaive,3147.7907667921536,3308.083436171164
영양부추,519,2025-06-30,WeekMean,3147.7907667921536,3390.3126196296166
오이맛고추,519,2025-06-09,HW-Add,2980.599609838846,2390.3231924204083
오이맛고추,519,2025-06-09,HW-Mul,2980.599609838846,2330.333756791141
오이맛고추,519,2025-06-09,RollMean(4w),2980.599609838846,2860.5166563150046
오이맛고추,519,2025-06-09,SeasonalNaive,2980.599609838846,2080.472641090553
오이맛고추,519,2025-06-09,WeekMean,2980.599609838846,2354.693756310465
오이맛고추,519,2025-06-16,HW-Add,2438.38532208725,2527.5771130219473
오이맛고추,519,2025-06-16,HW-Mul,2438.38532208725,2495.4825271940163
오이맛고추,519,2025-06-16,RollMean(4w),2438.38532208725,2860.5166563150046
오이맛고추,519,2025-06-16,SeasonalNaive,2438.38532208725,3202.7961249065397
오이맛고추,519,2025-06-16,WeekMean,2438.38532208725,2390.53387971156
오이맛고추,519,2025-06-23,HW-Add,2000.7501614917112,2487.608011881379
오이맛고추,519,2025-06-23,HW-Mul,2000.7501614917112,2426.368340352545
오이맛고추,519,2025-06-23,RollMean(4w),2000.7501614917112,2860.5166563150046
오이맛고추,519,2025-06-23,SeasonalNaive,2000.7501614917112,3162.1908015555214
오이맛고추,519,2025-06-23,WeekMean,2000.7501614917112,2457.980240118815
오이맛고추,519,2025-06-30,HW-Add,2321.8732379874477,2988.429102579109
오이맛고추,519,2025-06-30,HW-Mul,2321.8732379874477,2995.380999582221
오이맛고추,519,2025-06-30,RollMean(4w),2321.8732379874477,2860.5166563150046
오이맛고추,519,2025-06-30,SeasonalNaive,2321.8732379874477,3274.6295448777087
오이맛고추,519,2025-06-30,WeekMean,2321.8732379874477,2645.4177828262864
완숙토마토,519,2025-06-09,HW-Add,1897.844800647584,1682.4777002395317
완숙토마토,519,2025-06-09,HW-Mul,1897.844800647584,1651.4873575951788
완숙토마토,519,2025-06-09,RollMean(4w),1897.844800647584,1829.1445497181162
완숙토마토,519,2025-06-09,SeasonalNaive,1897.844800647584,1867.2702177047995
완숙토마토,519,2025-06-09,WeekMean,1897.844800647584,1373.103564849582
완숙토마토,519,2025-06-16,HW-Add,1449.4810328559197,1544.1828425404863
완숙토마토,519,2025-06-16,HW-Mul,1449.4810328559197,1594.7101496789871
완숙토마토,519,2025-06-16,RollMean(4w),1449.4810328559197,1829.1445497181162
완숙토마토,519,2025-06-16,SeasonalNaive,1449.4810328559197,1430.3229700926024
완숙토마토,519,2025-06-16,WeekMean,1449.4810328559197,1299.0995132548042
완숙토마토,519,2025-06-23,HW-Add,1130.3784686087529,1346.9185761161136
완숙토마토,519,2025-06-23,HW-Mul,1130.3784686087529,1321.6676378678903
완숙토마토,519,2025-06-23,RollMean(4w),1130.3784686087529,1829.1445497181162
완숙토마토,519,2025-06-23,SeasonalNaive,1130.3784686087529,1155.0693339386914
완숙토마토,519,2025-06-23,WeekMean,1130.3784686087529,1261.7191560967324
완숙토마토,519,2025-06-30,HW-Add,1433.273316528628,1677.049180148992
완숙토마토,519,2025-06-30,HW-Mul,1433.273316528628,1692.6860477475343
완숙토마토,519,2025-06-30,RollMean(4w),1433.273316528628,1829.1445497181162
완숙토마토,519,2025-06-30,SeasonalNaive,1433.273316528628,1610.389443080857
완숙토마토,519,2025-06-30,WeekMean,1433.273316528628,1344.7503175088332
자주양파,515,2025-06-09,HW-Add,881.5320753518653,702.1812448624255
자주양파,515,2025-06-09,HW-Mul,881.5320753518653,691.9324377756211
자주양파,515,2025-06-09,RollMean(4w),881.5320753518653,785.902731529378
자주양파,515,2025-06-09,SeasonalNaive,881.5320753518653,709.9652871112452
자주양파,515,2025-06-09,WeekMean,881.5320753518653,735.6090057955406
자주양파,515,2025-06-16,HW-Add,949.9515067183852,730.3611937294434
자주양파,515,2025-06-16,HW-Mul,949.9515067183852,735.3004459512488
자주양파,515,2025-06-16,RollMean(4w),949.9515067183852,785.902731529378
자주양파,515,2025-06-16,SeasonalNaive,949.9515067183852,949.3857207258096
자주양파,515,2025-06-16,WeekMean,949.9515067183852,780.1687406604982
자주양파,515,2025-06-23,HW-Add,910.6125546238356,764.2690219280471
자주양파,515,2025-06-23,HW-Mul,910.6125546238356,774.917353940601
자주양파,515,2025-06-23,RollMean(4w),910.6125546238356,785.902731529378
자주양파,515,2025-06-23,SeasonalNaive,910.6125546238356,1031.710311315234
자주양파,515,2025-06-23,WeekMean,910.6125546238356,815.786194456999
자주양파,515,2025-06-30,HW-Add,926.5803814713896,788.0705606120976
자주양파,515,2025-06-30,HW-Mul,926.5803814713896,803.3221713536641
자주양파,515,2025-06-30,RollMean(4w),926.5803814713896,785.902731529378
자주양파,515,2025-06-30,SeasonalNaive,926.5803814713896,1266.0962701572903
자주양파,515,2025-06-30,WeekMean,926.5803814713896,845.8104721730199
적채(일반),519,2025-06-09,HW-Add,950.7540201718334,1222.9449218652721
적채(일반),519,2025-06-09,HW-Mul,950.7540201718334,1115.238011760644
적채(일반),519,2025-06-09,RollMean(4w),950.7540201718334,1279.2962494246108
적채(일반),519,2025-06-09,SeasonalNaive,950.7540201718334,1004.6471992013572
적채(일반),519,2025-06-09,WeekMean,950.7540201718334,767.8314931253184
적채(일반),519,2025-06-16,HW-Add,802.5077089496464,1289.9925907844217
적채(일반),519,2025-06-16,HW-Mul,802.5077089496464,1111.6893446512097
적채(일반),519,2025-06-16,RollMean(4w),802.5077089496464,1279.2962494246108
적채(일반),519,2025-06-16,SeasonalNaive,802.5077089496464,995.6074871933428
적채(일반),519,2025-06-16,WeekMean,802.5077089496464,774.3318258734573
적채(일반),519,2025-06-23,HW-Add,813.8368937658088,1305.8463123475049
적채(일반),519,2025-06-23,HW-Mul,813.8368937658088,1064.2390673268671
적채(일반),519,2025-06-23,RollMean(4w),813.8368937658088,1279.2962494246108
적채(일반),519,2025-06-23,SeasonalNaive,813.8368937658088,1045.7898412836005
적채(일반),519,2025-06-23,WeekMean,813.8368937658088,772.9018697233311
적채(일반),519,2025-06-30,HW-Add,547.0794958797867,1355.3682483952632
적채(일반),519,2025-06-30,HW-Mul,547.0794958797867,1122.5017554021322
적채(일반),519,2025-06-30,RollMean(4w),547.0794958797867,1279.2962494246108
적채(일반),519,2025-06-30,SeasonalNaive,547.0794958797867,827.4851829687917
적채(일반),519,2025-06-30,WeekMean,547.0794958797867,799.7126941407511
쥬키니호박,519,2025-06-09,HW-Add,713.7664633444442,1119.1094415257603
쥬키니호박,519,2025-06-09,HW-Mul,713.7664633444442,1106.157144961554
쥬키니호박,519,2025-06-09,RollMean(4w),713.7664633444442,1706.5168190536467
쥬키니호박,519,2025-06-09,SeasonalNaive,713.7664633444442,465.2579139874212
쥬키니호박,519,2025-06-09,WeekMean,713.7664633444442,530.3432654669481
쥬키니호박,519,2025-06-16,HW-Add,891.3881354731681,1205.7319939999927
쥬키니호박,519,2025-06-16,HW-Mul,891.3881354731681,1386.3904871186057
쥬키니호박,519,2025-06-16,RollMean(4w),891.3881354731681,1706.5168190536467
쥬키니호박,519,2025-06-16,SeasonalNaive,891.3881354731681,555.188231502911
쥬키니호박,519,2025-06-16,WeekMean,891.3881354731681,595.1041783144166
쥬키니호박,519,2025-06-23,HW-Add,1123.4617933956404,1263.567751071994
쥬키니호박,519,2025-06-23,HW-Mul,1123.4617933956404,1515.537974899565
쥬키니호박,519,2025-06-23,RollMean(4w),1123.4617933956404,1706.5168190536467
쥬키니호박,519,2025-06-23,SeasonalNaive,1123.4617933956404,935.9472654066336
쥬키니호박,519,2025-06-23,WeekMean,1123.4617933956404,752.0303357728324
쥬키니호박,519,2025-06-30,HW-Add,1018.5319597284008,1632.3152655449471
쥬키니호박,519,2025-06-30,HW-Mul,1018.5319597284008,2182.5056631504153
쥬키니호박,519,2025-06-30,RollMean(4w),1018.5319597284008,1706.5168190536467
쥬키니호박,519,2025-06-30,SeasonalNaive,1018.5319597284008,813.5776134361507
쥬키니호박,519,2025-06-30,WeekMean,1018.5319597284008,1025.9924688429153
쪽파(일반),512,2025-06-09,HW-Add,2722.3560734453645,2730.135236464019
쪽파(일반),512,2025-06-09,HW-Mul,2722.3560734453645,2731.763698104732
쪽파(일반),512,2025-06-09,RollMean(4w),2722.3560734453645,2512.335251035568
쪽파(일반),512,2025-06-09,SeasonalNaive,2722.3560734453645,6023.870293188816
쪽파(일반),512,2025-06-09,WeekMean,2722.3560734453645,4584.366071689861
쪽파(일반),512,2025-06-16,HW-Add,3339.242362055104,2902.0811303589394
쪽파(일반),512,2025-06-16,HW-Mul,3339.242362055104,2941.095257649313
쪽파(일반),512,2025-06-16,RollMean(4w),3339.242362055104,2512.335251035568
쪽파(일반),512,2025-06-16,SeasonalNaive,3339.242362055104,6031.16134704183
쪽파(일반),512,2025-06-16,WeekMean,3339.242362055104,4218.100027477527
쪽파(일반),512,2025-06-23,HW-Add,4389.046231034089,3041.1872212400935
쪽파(일반),512,2025-06-23,HW-Mul,4389.046231034089,3132.4240851136
쪽파(일반),512,2025-06-23,RollMean(4w),4389.046231034089,2512.335251035568
쪽파(일반),512,2025-06-23,SeasonalNaive,4389.046231034089,5533.126807673023
쪽파(일반),512,2025-06-23,WeekMean,4389.046231034089,3513.036762388957
쪽파(일반),512,2025-06-30,HW-Add,4117.216117216117,3195.2458966652252
쪽파(일반),512,2025-06-30,HW-Mul,4117.216117216117,3315.5441748112326
쪽파(일반),512,2025-06-30,RollMean(4w),4117.216117216117,2512.335251035568
쪽파(일반),512,2025-06-30,SeasonalNaive,4117.216117216117,5697.2288080553
쪽파(일반),512,2025-06-30,WeekMean,4117.216117216117,3215.1037328659067
청고추,519,2025-06-09,HW-Add,4000.381467996847,3486.7245885385605
청고추,519,2025-06-09,HW-Mul,4000.381467996847,3414.961212300305
청고추,519,2025-06-09,RollMean(4w),4000.381467996847,3560.6758306463976
청고추,519,2025-06-09,SeasonalNaive,4000.381467996847,2742.114085503777
청고추,519,2025-06-09,WeekMean,4000.381467996847,2451.464585482868
청고추,519,2025-06-16,HW-Add,3032.051492939038,3456.5080156967415
청고추,519,2025-06-16,HW-Mul,3032.051492939038,3464.0520086450356
청고추,519,2025-06-16,RollMean(4w),3032.051492939038,3560.6758306463976
청고추,519,2025-06-16,SeasonalNaive,3032.051492939038,3360.801454502018
청고추,519,2025-06-16,WeekMean,3032.051492939038,2584.2740549189016
청고추,519,2025-06-23,HW-Add,2325.644548204807,3473.4162547123096
청고추,519,2025-06-23,HW-Mul,2325.644548204807,3414.699373533338
청고추,519,2025-06-23,RollMean(4w),2325.644548204807,3560.6758306463976
청고추,519,2025-06-23,SeasonalNaive,2325.644548204807,3318.96983367421
청고추,519,2025-06-23,WeekMean,2325.644548204807,2496.5177186273604
청고추,519,2025-06-30,HW-Add,2436.45390070922,4253.329758694774
청고추,519,2025-06-30,HW-Mul,2436.45390070922,4449.838062571176
청고추,519,2025-06-30,RollMean(4w),2436.45390070922,3560.6758306463976
청고추,519,2025-06-30,SeasonalNaive,2436.45390070922,3467.7149514057783
청고추,519,2025-06-30,WeekMean,2436.45390070922,2612.895490453501
청양,519,2025-06-09,HW-Add,3332.998507036556,2093.030663120934
청양,519,2025-06-09,HW-Mul,3332.998507036556,2116.331164422908
청양,519,2025-06-09,RollMean(4w),3332.998507036556,2498.701994696864
청양,519,2025-06-09,SeasonalNaive,3332.998507036556,2517.525904426317
청양,519,2025-06-09,WeekMean,3332.998507036556,2896.045109266861
청양,519,2025-06-16,HW-Add,2974.8939745702537,2225.904055588445
청양,519,2025-06-16,HW-Mul,2974.8939745702537,2225.853855281982
청양,519,2025-06-16,RollMean(4w),2974.8939745702537,2498.701994696864
청양,519,2025-06-16,SeasonalNaive,2974.8939745702537,2713.418424048694
청양,519,2025-06-16,WeekMean,2974.8939745702537,2916.7191038710935
청양,519,2025-06-23,HW-Add,3002.093660557346,2353.820730711215
청양,519,2025-06-23,HW-Mul,3002.093660557346,2305.468359481227
청양,519,2025-06-23,RollMean(4w),3002.093660557346,2498.701994696864
청양,519,2025-06-23,SeasonalNaive,3002.093660557346,2727.9904779858807
청양,519,2025-06-23,WeekMean,3002.093660557346,2939.781214095222
청양,519,2025-06-30,HW-Add,2608.339967583544,3130.238096047156
청양,519,2025-06-30,HW-Mul,2608.339967583544,2933.581478773642
청양,519,2025-06-30,RollMean(4w),2608.339967583544,2498.701994696864
청양,519,2025-06-30,SeasonalNaive,2608.339967583544,3209.6942780571285
청양,519,2025-06-30,WeekMean,2608.339967583544,3161.9070694227767
청초(일반),519,2025-06-09,HW-Add,3350.5122950819677,3695.4759352969095
청초(일반),519,2025-06-09,HW-Mul,3350.5122950819677,3636.718536354354
청초(일반),519,2025-06-09,RollMean(4w),3350.5122950819677,3196.548495343427
청초(일반),519,2025-06-09,SeasonalNaive,3350.5122950819677,2632.284509851055
청초(일반),519,2025-06-09,WeekMean,3350.5122950819677,2853.452966698971
청초(일반),519,2025-06-16,HW-Add,3125.472377918304,3699.096004529355
청초(일반),519,2025-06-16,HW-Mul,3125.472377918304,3796.7569978655083
청초(일반),519,2025-06-16,RollMean(4w),3125.472377918304,3196.548495343427
청초(일반),519,2025-06-16,SeasonalNaive,3125.472377918304,2701.3390056010644
청초(일반),519,2025-06-16,WeekMean,3125.472377918304,3138.1435372875
청초(일반),519,2025-06-23,HW-Add,2603.4800551853587,3665.258876080763
청초(일반),519,2025-06-23,HW-Mul,2603.4800551853587,3632.8104628069823
청초(일반),519,2025-06-23,RollMean(4w),2603.4800551853587,3196.548495343427
청초(일반),519,2025-06-23,SeasonalNaive,2603.4800551853587,3063.888832380852
청초(일반),519,2025-06-23,WeekMean,2603.4800551853587,2977.0236339164244
청초(일반),519,2025-06-30,HW-Add,2160.714285714286,3930.528759775786
청초(일반),519,2025-06-30,HW-Mul,2160.714285714286,3988.12544791238
청초(일반),519,2025-06-30,RollMean(4w),2160.714285714286,3196.548495343427
청초(일반),519,2025-06-30,SeasonalNaive,2160.714285714286,3840.245088273945
청초(일반),519,2025-06-30,WeekMean,2160.714285714286,3080.9584125262145
청피망,519,2025-06-09,HW-Add,3695.004080611585,2719.307200886411
청피망,519,2025-06-09,HW-Mul,3695.004080611585,2711.5074511147404
청피망,519,2025-06-09,RollMean(4w),3695.004080611585,3313.458707813158
청피망,519,2025-06-09,SeasonalNaive,3695.004080611585,1783.093213038857
청피망,519,2025-06-09,WeekMean,3695.004080611585,2150.279759880241
청피망,519,2025-06-16,HW-Add,4393.166142525856,2857.247653876986
청피망,519,2025-06-16,HW-Mul,4393.166142525856,2791.5113252766428
청피망,519,2025-06-16,RollMean(4w),4393.166142525856,3313.458707813158
청피망,519,2025-06-16,SeasonalNaive,4393.166142525856,2114.9001630882344
청피망,519,2025-06-16,WeekMean,4393.166142525856,2386.4992198398418
청피망,519,2025-06-23,HW-Add,3400.0790431216683,2371.141376156035
청피망,519,2025-06-23,HW-Mul,3400.0790431216683,2203.835655256609
청피망,519,2025-06-23,RollMean(4w),3400.0790431216683,3313.458707813158
청피망,519,2025-06-23,SeasonalNaive,3400.0790431216683,3154.8483872036527
청피망,519,2025-06-23,WeekMean,3400.0790431216683,2249.270502349194
청피망,519,2025-06-30,HW-Add,3267.8260042484385,2137.1719959272714
청피망,519,2025-06-30,HW-Mul,3267.8260042484385,1845.3932559359414
청피망,519,2025-06-30,RollMean(4w),3267.8260042484385,3313.458707813158
청피망,519,2025-06-30,SeasonalNaive,3267.8260042484385,2562.7090353951944
청피망,519,2025-06-30,WeekMean,3267.8260042484385,1910.1437994696178
취청,519,2025-06-09,HW-Add,1288.703328124313,2352.2980090908204
취청,519,2025-06-09,HW-Mul,1288.703328124313,2448.6294523729857
취청,519,2025-06-09,RollMean(4w),1288.703328124313,2203.06905814969
취청,519,2025-06-09,SeasonalNaive,1288.703328124313,972.4083808926516
취청,519,2025-06-09,WeekMean,1288.703328124313,1257.6548828825232
취청,519,2025-06-16,HW-Add,1397.0908138125462,2367.5336643148694
취청,519,2025-06-16,HW-Mul,1397.0908138125462,2438.395473677278
취청,519,2025-06-16,RollMean(4w),1397.0908138125462,2203.06905814969
취청,519,2025-06-16,SeasonalNaive,1397.0908138125462,1386.0947022486644
취청,519,2025-06-16,WeekMean,1397.0908138125462,1458.2479849012439
취청,519,2025-06-23,HW-Add,1825.2087975447143,2746.8601345899433
취청,519,2025-06-23,HW-Mul,1825.2087975447143,3062.134144929087
취청,519,2025-06-23,RollMean(4w),1825.2087975447143,2203.06905814969
취청,519,2025-06-23,SeasonalNaive,1825.2087975447143,1797.1641403386748
취청,519,2025-06-23,WeekMean,1825.2087975447143,1521.8365901683953
취청,519,2025-06-30,HW-Add,1826.2686567164176,3448.6585779010506
취청,519,2025-06-30,HW-Mul,1826.2686567164176,4335.255473027375
취청,519,2025-06-30,RollMean(4w),1826.2686567164176,2203.06905814969
취청,519,2025-06-30,SeasonalNaive,1826.2686567164176,2333.5941284718187
취청,519,2025-06-30,WeekMean,1826.2686567164176,2119.7064266919356
치커리(일반),519,2025-06-09,HW-Add,3370.235505851802,3315.4643194546898
치커리(일반),519,2025-06-09,HW-Mul,3370.235505851802,3296.4414729060363
치커리(일반),519,2025-06-09,RollMean(4w),3370.235505851802,2975.417403332151
치커리(일반),519,2025-06-09,SeasonalNaive,3370.235505851802,2647.051297788182
치커리(일반),519,2025-06-09,WeekMean,3370.235505851802,2487.8666625184487
치커리(일반),519,2025-06-16,HW-Add,3356.109188881219,3254.8261954997374
치커리(일반),519,2025-06-16,HW-Mul,3356.109188881219,3259.528114766686
치커리(일반),519,2025-06-16,RollMean(4w),3356.109188881219,2975.417403332151
치커리(일반),519,2025-06-16,SeasonalNaive,3356.109188881219,4100.716432736423
치커리(일반),519,2025-06-16,WeekMean,3356.109188881219,3168.047897534895
치커리(일반),519,2025-06-23,HW-Add,4639.701667554476,3193.097804701777
치커리(일반),519,2025-06-23,HW-Mul,4639.701667554476,3044.2773722684515
치커리(일반),519,2025-06-23,RollMean(4w),4639.701667554476,2975.417403332151
치커리(일반),519,2025-06-23,SeasonalNaive,4639.701667554476,4050.738775032039
치커리(일반),519,2025-06-23,WeekMean,4639.701667554476,3113.3997830977146
치커리(일반),519,2025-06-30,HW-Add,4660.97372488408,5063.680003774005
치커리(일반),519,2025-06-30,HW-Mul,4660.97372488408,5699.162512339235
치커리(일반),519,2025-06-30,RollMean(4w),4660.97372488408,2975.417403332151
치커리(일반),519,2025-06-30,SeasonalNaive,4660.97372488408,2635.7014422509105
치커리(일반),519,2025-06-30,WeekMean,4660.97372488408,3584.9819661711977
치콘,519,2025-06-09,HW-Add,1865.6520048175776,3641.3658798539664
치콘,519,2025-06-09,HW-Mul,1865.6520048175776,3920.297110809998
치콘,519,2025-06-09,RollMean(4w),1865.6520048175776,2506.638772430367
치콘,519,2025-06-09,SeasonalNaive,1865.6520048175776,2131.9325098478025
치콘,519,2025-06-09,WeekMean,1865.6520048175776,2365.4781721359477
치콘,519,2025-06-16,HW-Add,1375.494331324058,3430.4124574089037
치콘,519,2025-06-16,HW-Mul,1375.494331324058,3598.8475963649926
치콘,519,2025-06-16,RollMean(4w),1375.494331324058,2506.638772430367
치콘,519,2025-06-16,SeasonalNaive,1375.494331324058,2665.6832029365414
치콘,519,2025-06-16,WeekMean,1375.494331324058,2710.9139678898146
치콘,519,2025-06-23,HW-Add,2554.7090213375936,3360.743111988473
치콘,519,2025-06-23,HW-Mul,2554.7090213375936,3520.2315098070967
치콘,519,2025-06-23,RollMean(4w),2554.7090213375936,2506.638772430367
치콘,519,2025-06-23,SeasonalNaive,2554.7090213375936,2631.572362684632
치콘,519,2025-06-23,WeekMean,2554.7090213375936,2612.173821310957
치콘,519,2025-06-30,HW-Add,3193.390804597701,5606.595551774225
치콘,519,2025-06-30,HW-Mul,3193.390804597701,6811.29496284136
치콘,519,2025-06-30,RollMean(4w),3193.390804597701,2506.638772430367
치콘,519,2025-06-30,SeasonalNaive,3193.390804597701,2238.077060775958
치콘,519,2025-06-30,WeekMean,3193.390804597701,3086.372330782024
토마토(일반),519,2025-06-09,HW-Add,1812.6479196164555,1693.718214919527
토마토(일반),519,2025-06-09,HW-Mul,1812.6479196164555,1677.4534577285945
토마토(일반),519,2025-06-09,RollMean(4w),1812.6479196164555,1764.7100592251334
토마토(일반),519,2025-06-09,SeasonalNaive,1812.6479196164555,1908.2305698514929
토마토(일반),519,2025-06-09,WeekMean,1812.6479196164555,1411.1285054668992
토마토(일반),519,2025-06-16,HW-Add,1454.2170933149391,1511.6456617358185
토마토(일반),519,2025-06-16,HW-Mul,1454.2170933149391,1526.128436234
토마토(일반),519,2025-06-16,RollMean(4w),1454.2170933149391,1764.7100592251334
토마토(일반),519,2025-06-16,SeasonalNaive,1454.2170933149391,1469.130528410846
토마토(일반),519,2025-06-16,WeekMean,1454.2170933149391,1317.5188779738055
토마토(일반),519,2025-06-23,HW-Add,1174.1262498718845,1421.1477806622142
토마토(일반),519,2025-06-23,HW-Mul,1174.1262498718845,1376.3900572603818
토마토(일반),519,2025-06-23,RollMean(4w),1174.1262498718845,1764.7100592251334
토마토(일반),519,2025-06-23,SeasonalNaive,1174.1262498718845,1208.7738639887048
토마토(일반),519,2025-06-23,WeekMean,1174.1262498718845,1255.699780756263
토마토(일반),519,2025-06-30,HW-Add,1357.2601672139226,1767.3196620916272
토마토(일반),519,2025-06-30,HW-Mul,1357.2601672139226,1808.1367808548102
토마토(일반),519,2025-06-30,RollMean(4w),1357.2601672139226,1764.7100592251334
토마토(일반),519,2025-06-30,SeasonalNaive,1357.2601672139226,1747.7779877973217
토마토(일반),519,2025-06-30,WeekMean,1357.2601672139226,1450.2714603503641
파프리카,519,2025-06-09,HW-Add,3272.096473104088,1816.857486249671
파프리카,519,2025-06-09,HW-Mul,3272.096473104088,2035.1065814271235
파프리카,519,2025-06-09,RollMean(4w),3272.096473104088,3044.1347868012335
파프리카,519,2025-06-09,SeasonalNaive,3272.096473104088,2494.9009365752163
파프리카,519,2025-06-09,WeekMean,3272.096473104088,2961.0840992141243
파프리카,519,2025-06-16,HW-Add,1175.5386613109154,1524.974119534602
파프리카,519,2025-06-16,HW-Mul,1175.5386613109154,1762.7295552126038
파프리카,519,2025-06-16,RollMean(4w),1175.5386613109154,3044.1347868012335
파프리카,519,2025-06-16,SeasonalNaive,1175.5386613109154,2904.0451444025675
파프리카,519,2025-06-16,WeekMean,1175.5386613109154,2349.1172907105506
파프리카,519,2025-06-23,HW-Add,1418.0416798150336,1477.081888272494
파프리카,519,2025-06-23,HW-Mul,1418.0416798150336,1744.7786720847234
파프리카,519,2025-06-23,RollMean(4w),1418.0416798150336,3044.1347868012335
파프리카,519,2025-06-23,SeasonalNaive,1418.0416798150336,3596.1216489049784
파프리카,519,2025-06-23,WeekMean,1418.0416798150336,2216.5393004427424
파프리카,519,2025-06-30,HW-Add,613.3720253567244,1140.3203757287522
파프리카,519,2025-06-30,HW-Mul,613.3720253567244,1430.1999456646422
파프리카,519,2025-06-30,RollMean(4w),613.3720253567244,3044.1347868012335
파프리카,519,2025-06-30,SeasonalNaive,613.3720253567244,2284.213520556033
파프리카,519,2025-06-30,WeekMean,613.3720253567244,2108.235795648201
팽이,519,2025-06-09,HW-Add,1589.2798441130285,1934.9846661064246
팽이,519,2025-06-09,HW-Mul,1589.2798441130285,1947.817583776231
팽이,519,2025-06-09,RollMean(4w),1589.2798441130285,1831.6293417080851
팽이,519,2025-06-09,SeasonalNaive,1589.2798441130285,1583.3060898099102
팽이,519,2025-06-09,WeekMean,1589.2798441130285,1409.2114651141383
팽이,519,2025-06-16,HW-Add,1310.6183278326705,1838.0460564085843
팽이,519,2025-06-16,HW-Mul,1310.6183278326705,1800.6068293887568
팽이,519,2025-06-16,RollMean(4w),1310.6183278326705,1831.6293417080851
팽이,519,2025-06-16,SeasonalNaive,1310.6183278326705,1463.005796425424
팽이,519,2025-06-16,WeekMean,1310.6183278326705,1335.8147438028668
팽이,519,2025-06-23,HW-Add,1257.355348317655,1839.6042756679751
팽이,519,2025-06-23,HW-Mul,1257.355348317655,1829.736548465754
팽이,519,2025-06-23,RollMean(4w),1257.355348317655,1831.6293417080851
팽이,519,2025-06-23,SeasonalNaive,1257.355348317655,1446.6358141365808
팽이,519,2025-06-23,WeekMean,1257.355348317655,1234.8730965965972
팽이,519,2025-06-30,HW-Add,1380.7510148849797,1906.5586513646158
팽이,519,2025-06-30,HW-Mul,1380.7510148849797,1962.2652813799198
팽이,519,2025-06-30,RollMean(4w),1380.7510148849797,1831.6293417080851
팽이,519,2025-06-30,SeasonalNaive,1380.7510148849797,1730.0694924041582
팽이,519,2025-06-30,WeekMean,1380.7510148849797,1258.8412546060456
포장쪽파,519,2025-06-09,HW-Add,2571.547078036024,2825.9197000871804
포장쪽파,519,2025-06-09,HW-Mul,2571.547078036024,2912.464307700682
포장쪽파,519,2025-06-09,RollMean(4w),2571.547078036024,2667.0622700941835
포장쪽파,519,2025-06-09,SeasonalNaive,2571.547078036024,5734.421294170984
포장쪽파,519,2025-06-09,WeekMean,2571.547078036024,4966.948094594134
포장쪽파,519,2025-06-16,HW-Add,4164.470920313143,1759.522194255048
포장쪽파,519,2025-06-16,HW-Mul,4164.470920313143,2242.5260625995975
포장쪽파,519,2025-06-16,RollMean(4w),4164.470920313143,2667.0622700941835
포장쪽파,519,2025-06-16,SeasonalNaive,4164.470920313143,5564.546323419546
포장쪽파,519,2025-06-16,WeekMean,4164.470920313143,4396.333114976294
포장쪽파,519,2025-06-23,HW-Add,4706.14495505402,1612.0511665583467
포장쪽파,519,2025-06-23,HW-Mul,4706.14495505402,2142.3304673188745
포장쪽파,519,2025-06-23,RollMean(4w),4706.14495505402,2667.0622700941835
포장쪽파,519,2025-06-23,SeasonalNaive,4706.14495505402,5458.637858780562
포장쪽파,519,2025-06-23,WeekMean,4706.14495505402,3791.3584923281014
포장쪽파,519,2025-06-30,HW-Add,4559.903381642512,1571.7492825707734
포장쪽파,519,2025-06-30,HW-Mul,4559.903381642512,2110.9862253199617
포장쪽파,519,2025-06-30,RollMean(4w),4559.903381642512,2667.0622700941835
포장쪽파,519,2025-06-30,SeasonalNaive,4559.903381642512,6044.721578607902
포장쪽파,519,2025-06-30,WeekMean,4559.903381642512,3714.7007256763477
표고버섯(일반),519,2025-06-09,HW-Add,5742.6435323478645,6042.892791812737
표고버섯(일반),519,2025-06-09,HW-Mul,5742.6435323478645,6072.132169484284
표고버섯(일반),519,2025-06-09,RollMean(4w),5742.6435323478645,5229.799003409923
표고버섯(일반),519,2025-06-09,SeasonalNaive,5742.6435323478645,5995.325248892892
표고버섯(일반),519,2025-06-09,WeekMean,5742.6435323478645,5697.852556819297
표고버섯(일반),519,2025-06-16,HW-Add,6331.178195351088,5512.388731571445
표고버섯(일반),519,2025-06-16,HW-Mul,6331.178195351088,5588.5015419902375
표고버섯(일반),519,2025-06-16,RollMean(4w),6331.178195351088,5229.799003409923
표고버섯(일반),519,2025-06-16,SeasonalNaive,6331.178195351088,5981.91715798842
표고버섯(일반),519,2025-06-16,WeekMean,6331.178195351088,6062.116963916521
표고버섯(일반),519,2025-06-23,HW-Add,6057.469330471642,5140.002059110417
표고버섯(일반),519,2025-06-23,HW-Mul,6057.469330471642,5151.137541751631
표고버섯(일반),519,2025-06-23,RollMean(4w),6057.469330471642,5229.799003409923
표고버섯(일반),519,2025-06-23,SeasonalNaive,6057.469330471642,5675.390828413812
표고버섯(일반),519,2025-06-23,WeekMean,6057.469330471642,5411.6349302222525
표고버섯(일반),519,2025-06-30,HW-Add,5973.720371006527,5342.838613911763
표고버섯(일반),519,2025-06-30,HW-Mul,5973.720371006527,5337.286912748098
표고버섯(일반),519,2025-06-30,RollMean(4w),5973.720371006527,5229.799003409923
표고버섯(일반),519,2025-06-30,SeasonalNaive,5973.720371006527,5772.550624719236
표고버섯(일반),519,2025-06-30,WeekMean,5973.720371006527,5545.693829667817
호박고구마,519,2025-06-09,HW-Add,2071.820659727586,2296.5757963401275
호박고구마,519,2025-06-09,HW-Mul,2071.820659727586,2206.793481844866
호박고구마,519,2025-06-09,RollMean(4w),2071.820659727586,2165.580407515388
호박고구마,519,2025-06-09,SeasonalNaive,2071.820659727586,3313.336830391026
호박고구마,519,2025-06-09,WeekMean,2071.820659727586,2857.30983254037
호박고구마,519,2025-06-16,HW-Add,1878.5595527577,2092.0559837061764
호박고구마,519,2025-06-16,HW-Mul,1878.5595527577,1916.010476744047
호박고구마,519,2025-06-16,RollMean(4w),1878.5595527577,2165.580407515388
호박고구마,519,2025-06-16,SeasonalNaive,1878.5595527577,2366.966759035376
호박고구마,519,2025-06-16,WeekMean,1878.5595527577,2560.755461633759
호박고구마,519,2025-06-23,HW-Add,2146.6603891449963,2028.0660111325997
호박고구마,519,2025-06-23,HW-Mul,2146.6603891449963,1789.2017320546638
호박고구마,519,2025-06-23,RollMean(4w),2146.6603891449963,2165.580407515388
호박고구마,519,2025-06-23,SeasonalNaive,2146.6603891449963,2291.182647594637
호박고구마,519,2025-06-23,WeekMean,2146.6603891449963,2341.156647022645
호박고구마,519,2025-06-30,HW-Add,1687.3493975903614,1973.8878215674051
호박고구마,519,2025-06-30,HW-Mul,1687.3493975903614,1632.097642938662
호박고구마,519,2025-06-30,RollMean(4w),1687.3493975903614,2165.580407515388
호박고구마,519,2025-06-30,SeasonalNaive,1687.3493975903614,1724.2935022975155
호박고구마,519,2025-06-30,WeekMean,1687.3493975903614,2224.4615809962675
홍고추(일반),519,2025-06-09,HW-Add,7168.453133637686,6095.174416626384
홍고추(일반),519,2025-06-09,HW-Mul,7168.453133637686,5907.638362090906
홍고추(일반),519,2025-06-09,RollMean(4w),7168.453133637686,5418.183494908684
홍고추(일반),519,2025-06-09,SeasonalNaive,7168.453133637686,5839.7815964638285
홍고추(일반),519,2025-06-09,WeekMean,7168.453133637686,4785.512186212959
홍고추(일반),519,2025-06-16,HW-Add,7027.911818617166,5737.651704523995
홍고추(일반),519,2025-06-16,HW-Mul,7027.911818617166,5566.914782645735
홍고추(일반),519,2025-06-16,RollMean(4w),7027.911818617166,5418.183494908684
홍고추(일반),519,2025-06-16,SeasonalNaive,7027.911818617166,6522.840253363022
홍고추(일반),519,2025-06-16,WeekMean,7027.911818617166,5033.898412468031
홍고추(일반),519,2025-06-23,HW-Add,5525.68797283577,5120.542812664654
홍고추(일반),519,2025-06-23,HW-Mul,5525.68797283577,4628.101233502079
홍고추(일반),519,2025-06-23,RollMean(4w),5525.68797283577,5418.183494908684
홍고추(일반),519,2025-06-23,SeasonalNaive,5525.68797283577,5260.42178982018
홍고추(일반),519,2025-06-23,WeekMean,5525.68797283577,4161.802624390428
홍고추(일반),519,2025-06-30,HW-Add,3561.1160565260934,5303.4217498088665
홍고추(일반),519,2025-06-30,HW-Mul,3561.1160565260934,4770.903982649634
홍고추(일반),519,2025-06-30,RollMean(4w),3561.1160565260934,5418.183494908684
홍고추(일반),519,2025-06-30,SeasonalNaive,3561.1160565260934,3776.5688515629695
홍고추(일반),519,2025-06-30,WeekMean,3561.1160565260934,3819.0906470579166
홍청양,519,2025-06-09,HW-Add,3262.6307112256222,3179.8772016601424
홍청양,519,2025-06-09,HW-Mul,3262.6307112256222,2978.9237773870595
홍청양,519,2025-06-09,RollMean(4w),3262.6307112256222,3300.493348968703
홍청양,519,2025-06-09,SeasonalNaive,3262.6307112256222,4312.724694507732
홍청양,519,2025-06-09,WeekMean,3262.6307112256222,2994.3056828961435
홍청양,519,2025-06-16,HW-Add,3044.3525493712937,3313.3778298144725
홍청양,519,2025-06-16,HW-Mul,3044.3525493712937,2964.6572465514114
홍청양,519,2025-06-16,RollMean(4w),3044.3525493712937,3300.493348968703
홍청양,519,2025-06-16,SeasonalNaive,3044.3525493712937,3894.40031962689
홍청양,519,2025-06-16,WeekMean,3044.3525493712937,2876.0019231198617
홍청양,519,2025-06-23,HW-Add,2971.1119589383543,3304.1690327792785
홍청양,519,2025-06-23,HW-Mul,2971.1119589383543,2792.8691943008407
홍청양,519,2025-06-23,RollMean(4w),2971.1119589383543,3300.493348968703
홍청양,519,2025-06-23,SeasonalNaive,2971.1119589383543,2920.573090315766
홍청양,519,2025-06-23,WeekMean,2971.1119589383543,2697.5622441403953
홍청양,519,2025-06-30,HW-Add,3139.0937159462405,3390.8060177494626
홍청양,519,2025-06-30,HW-Mul,3139.0937159462405,2736.4629559277205
홍청양,519,2025-06-30,RollMean(4w),3139.0937159462405,3300.493348968703
홍청양,519,2025-06-30,SeasonalNaive,3139.0937159462405,2341.7852862895
홍청양,519,2025-06-30,WeekMean,3139.0937159462405,2526.602960856824
홍피망,519,2025-06-09,HW-Add,2440.0357435134583,3372.6753022304397
홍피망,519,2025-06-09,HW-Mul,2440.0357435134583,3479.8799072140014
홍피망,519,2025-06-09,RollMean(4w),2440.0357435134583,3254.6470851810027
홍피망,519,2025-06-09,SeasonalNaive,2440.0357435134583,1132.159374677493
홍피망,519,2025-06-09,WeekMean,2440.0357435134583,2141.232402264408
홍피망,519,2025-06-16,HW-Add,3286.7020118537675,3550.04925233767
홍피망,519,2025-06-16,HW-Mul,3286.7020118537675,4012.230939431166
홍피망,519,2025-06-16,RollMean(4w),3286.7020118537675,3254.6470851810027
홍피망,519,2025-06-16,SeasonalNaive,3286.7020118537675,2415.9929512995404
홍피망,519,2025-06-16,WeekMean,3286.7020118537675,2551.792024095449
홍피망,519,2025-06-23,HW-Add,4779.193772712134,3542.2576951996457
홍피망,519,2025-06-23,HW-Mul,4779.193772712134,4043.2906236056456
홍피망,519,2025-06-23,RollMean(4w),4779.193772712134,3254.6470851810027
홍피망,519,2025-06-23,SeasonalNaive,4779.193772712134,3010.055727367815
홍피망,519,2025-06-23,WeekMean,4779.193772712134,2769.245754324957
홍피망,519,2025-06-30,HW-Add,3365.102230483272,3594.8161185310373
홍피망,519,2025-06-30,HW-Mul,3365.102230483272,3954.5016374951742
홍피망,519,2025-06-30,RollMean(4w),3365.102230483272,3254.6470851810027
홍피망,519,2025-06-30,SeasonalNaive,3365.102230483272,2395.2671362325304
홍피망,519,2025-06-30,WeekMean,3365.102230483272,2600.4336032783876
