item,max_consecutive_na_weeks,n_weeks
기타,137,522
만생양파,11,522
단호박,9,522
쪽파(일반),4,522
돌미나리,4,522
자주양파,2,522
쥬키니호박,1,522
오이맛고추,0,522
완숙토마토,0,522
일반부추,0,522
적채(일반),0,522
청고추,0,522
청양,0,522
청초(일반),0,522
청피망,0,522
취청,0,522
양송이(일반),0,522
치커리(일반),0,522
치콘,0,522
토마토(일반),0,522
파프리카,0,522
팽이,0,522
포장쪽파,0,522
표고버섯(일반),0,522
호박고구마,0,522
홍고추(일반),0,522
홍청양,0,522
영양부추,0,522
양배추(일반),0,522
양상추(일반),0,522
마늘,0,522
깐쪽파,0,522
깻잎(일반),0,522
노랑파프리카,0,522
녹광,0,522
뉴그린,0,522
느타리버섯(일반),0,522
당근(일반),0,522
대추방울,0,522
대파(일반),0,522
레드치커리,0,522
맛느타리버섯,0,522
깐양파,0,522
미나리(일반),0,522
밤고구마,0,522
방울토마토,0,522
백다다기,0,522
브로코리(국산),0,522
빨강파프리카,0,522
새송이(일반),0,522
수미,0,522
시금치(일반),0,522
애호박,0,522
홍피망,0,522
