item,unit_price_notna_ratio
양배추(일반),1.0
청피망,1.0
양상추(일반),1.0
양송이(일반),1.0
영양부추,1.0
오이맛고추,1.0
완숙토마토,1.0
일반부추,1.0
적채(일반),1.0
청고추,1.0
청양,1.0
청초(일반),1.0
취청,1.0
애호박,1.0
치커리(일반),1.0
치콘,1.0
토마토(일반),1.0
파프리카,1.0
팽이,1.0
포장쪽파,1.0
표고버섯(일반),1.0
호박고구마,1.0
홍고추(일반),1.0
홍청양,1.0
깐양파,1.0
홍피망,1.0
시금치(일반),1.0
수미,1.0
깐쪽파,1.0
깻잎(일반),1.0
노랑파프리카,1.0
녹광,1.0
뉴그린,1.0
느타리버섯(일반),1.0
당근(일반),1.0
대추방울,1.0
대파(일반),1.0
레드치커리,1.0
마늘,1.0
맛느타리버섯,1.0
미나리(일반),1.0
밤고구마,1.0
방울토마토,1.0
백다다기,1.0
브로코리(국산),1.0
빨강파프리카,1.0
새송이(일반),1.0
쥬키니호박,0.9980842911877394
자주양파,0.9961685823754789
돌미나리,0.9923371647509579
쪽파(일반),0.9865900383141762
만생양파,0.9042145593869731
단호박,0.8946360153256705
기타,0.7126436781609196
