base_item,base_group,base_pred_price,alt_item,alt_pred_price,saving_rate,alt_supply_recent4w,alt_vol_8w,reason
깐양파,과채류-하얀색,1439.7279260162395,만생양파,315.61662099649413,0.780780371559095,298041.25,0.17387906280926155,"동일군 저가(≥15%), 공급≥군 중앙, 변동성≤군 75%"
깐양파,과채류-하얀색,1439.7279260162395,자주양파,948.5771568556224,0.3411413783709131,100258.75,0.2310502780134779,"동일군 저가(≥15%), 공급≥군 중앙, 변동성≤군 75%"
깐쪽파,조미채소류,9918.56443082821,대파(일반),981.1687000456664,0.9010775493884009,1740320.5,0.20965804506572205,"동일군 저가(≥15%), 공급≥군 중앙, 변동성≤군 75%"
깐쪽파,조미채소류,9918.56443082821,청고추,3057.7221138856426,0.6917172706583898,41435.25,0.2832901053038178,"동일군 저가(≥15%), 공급≥군 중앙, 변동성≤군 75%"
깐쪽파,조미채소류,9918.56443082821,홍청양,3174.594348494582,0.6799340901967422,39782.0,0.1156121414321489,"동일군 저가(≥15%), 공급≥군 중앙, 변동성≤군 75%"
깐쪽파,조미채소류,9918.56443082821,청양,3292.040692806072,0.6680930273967226,531588.25,0.19117793626144602,"동일군 저가(≥15%), 공급≥군 중앙, 변동성≤군 75%"
깐쪽파,조미채소류,9918.56443082821,쪽파(일반),4041.3881091331086,0.5925430401427315,28113.0,0.2054547961466796,"동일군 저가(≥15%), 공급≥군 중앙, 변동성≤군 75%"
깻잎(일반),나물류,5037.347379052675,돌미나리,1225.7309533312048,0.7566713468225269,109721.5,0.2779100491291431,"동일군 저가(≥15%), 공급≥군 중앙, 변동성≤군 75%"
노랑파프리카,과채류-붉은색,2279.33530022474,당근(일반),1073.3879024263188,0.5290785421868327,572245.0,0.12059094691697388,"동일군 저가(≥15%), 공급≥군 중앙, 변동성≤군 75%"
노랑파프리카,과채류-붉은색,2279.33530022474,토마토(일반),1400.395076561055,0.385612517639084,987349.75,0.21435893060583508,"동일군 저가(≥15%), 공급≥군 중앙, 변동성≤군 75%"
녹광,조미채소류,3805.239360173072,대파(일반),981.1687000456664,0.7421532242319225,1740320.5,0.20965804506572205,"동일군 저가(≥15%), 공급≥군 중앙, 변동성≤군 75%"
녹광,조미채소류,3805.239360173072,청고추,3057.7221138856426,0.19644421166011325,41435.25,0.2832901053038178,"동일군 저가(≥15%), 공급≥군 중앙, 변동성≤군 75%"
녹광,조미채소류,3805.239360173072,홍청양,3174.594348494582,0.16573070758146496,39782.0,0.1156121414321489,"동일군 저가(≥15%), 공급≥군 중앙, 변동성≤군 75%"
뉴그린,기타,5098.55895662265,기타,1066.2961749085073,0.7908632254758458,0.0,0.0,"동일군 저가(≥15%), 공급≥군 중앙, 변동성≤군 75%"
느타리버섯(일반),버섯류,4400.245223476885,팽이,1370.567186582159,0.6885248169192071,335133.75,0.10573752199104887,"동일군 저가(≥15%), 공급≥군 중앙, 변동성≤군 75%"
느타리버섯(일반),버섯류,4400.245223476885,새송이(일반),2096.3475714407136,0.5235839220376919,417277.5,0.071723620571216,"동일군 저가(≥15%), 공급≥군 중앙, 변동성≤군 75%"
느타리버섯(일반),버섯류,4400.245223476885,맛느타리버섯,2634.3578242635685,0.4013156789060921,100949.0,0.11505561097688842,"동일군 저가(≥15%), 공급≥군 중앙, 변동성≤군 75%"
대추방울,과채류-붉은색,2872.5985714790854,당근(일반),1073.3879024263188,0.6263355718810848,572245.0,0.12059094691697388,"동일군 저가(≥15%), 공급≥군 중앙, 변동성≤군 75%"
대추방울,과채류-붉은색,2872.5985714790854,토마토(일반),1400.395076561055,0.5124988606255166,987349.75,0.21435893060583508,"동일군 저가(≥15%), 공급≥군 중앙, 변동성≤군 75%"
레드치커리,양채류,4335.944116574692,양배추(일반),468.2344585635093,0.8920109563279387,1949973.0,0.11819373676906281,"동일군 저가(≥15%), 공급≥군 중앙, 변동성≤군 75%"
레드치커리,양채류,4335.944116574692,적채(일반),915.1403624681024,0.7889409231611975,107512.5,0.12804702046515065,"동일군 저가(≥15%), 공급≥군 중앙, 변동성≤군 75%"
레드치커리,양채류,4335.944116574692,양상추(일반),1412.301200942125,0.6742805804290465,331524.75,0.17268765179171974,"동일군 저가(≥15%), 공급≥군 중앙, 변동성≤군 75%"
마늘,조미채소류,6766.904201389336,대파(일반),981.1687000456664,0.8550047893621615,1740320.5,0.20965804506572205,"동일군 저가(≥15%), 공급≥군 중앙, 변동성≤군 75%"
마늘,조미채소류,6766.904201389336,청고추,3057.7221138856426,0.5481357467335802,41435.25,0.2832901053038178,"동일군 저가(≥15%), 공급≥군 중앙, 변동성≤군 75%"
마늘,조미채소류,6766.904201389336,홍청양,3174.594348494582,0.5308645942049355,39782.0,0.1156121414321489,"동일군 저가(≥15%), 공급≥군 중앙, 변동성≤군 75%"
마늘,조미채소류,6766.904201389336,청양,3292.040692806072,0.5135086008561071,531588.25,0.19117793626144602,"동일군 저가(≥15%), 공급≥군 중앙, 변동성≤군 75%"
마늘,조미채소류,6766.904201389336,쪽파(일반),4041.3881091331086,0.4027714906465263,28113.0,0.2054547961466796,"동일군 저가(≥15%), 공급≥군 중앙, 변동성≤군 75%"
맛느타리버섯,버섯류,2634.3578242635685,팽이,1370.567186582159,0.4797338562137894,335133.75,0.10573752199104887,"동일군 저가(≥15%), 공급≥군 중앙, 변동성≤군 75%"
맛느타리버섯,버섯류,2634.3578242635685,새송이(일반),2096.3475714407136,0.20422823652403818,417277.5,0.071723620571216,"동일군 저가(≥15%), 공급≥군 중앙, 변동성≤군 75%"
미나리(일반),나물류,3300.6921009558214,돌미나리,1225.7309533312048,0.6286442613120794,109721.5,0.2779100491291431,"동일군 저가(≥15%), 공급≥군 중앙, 변동성≤군 75%"
밤고구마,서류,2477.02205938399,단호박,694.5206021385883,0.7196146883277946,13843.75,0.3190623464925846,"동일군 저가(≥15%), 공급≥군 중앙, 변동성≤군 75%"
밤고구마,서류,2477.02205938399,수미,1122.7195135779414,0.5467462595558407,1660161.0,0.21830110928867777,"동일군 저가(≥15%), 공급≥군 중앙, 변동성≤군 75%"
밤고구마,서류,2477.02205938399,호박고구마,1976.6439311096756,0.20200794190688445,95805.0,0.13057405841128955,"동일군 저가(≥15%), 공급≥군 중앙, 변동성≤군 75%"
방울토마토,과채류-붉은색,3350.5596840890803,당근(일반),1073.3879024263188,0.6796392234037099,572245.0,0.12059094691697388,"동일군 저가(≥15%), 공급≥군 중앙, 변동성≤군 75%"
방울토마토,과채류-붉은색,3350.5596840890803,토마토(일반),1400.395076561055,0.5820414472209696,987349.75,0.21435893060583508,"동일군 저가(≥15%), 공급≥군 중앙, 변동성≤군 75%"
브로코리(국산),기타,3702.339435205679,기타,1066.2961749085073,0.7119939450257394,0.0,0.0,"동일군 저가(≥15%), 공급≥군 중앙, 변동성≤군 75%"
빨강파프리카,과채류-붉은색,2858.6097449461345,당근(일반),1073.3879024263188,0.6245070162778832,572245.0,0.12059094691697388,"동일군 저가(≥15%), 공급≥군 중앙, 변동성≤군 75%"
빨강파프리카,과채류-붉은색,2858.6097449461345,토마토(일반),1400.395076561055,0.5101132363249699,987349.75,0.21435893060583508,"동일군 저가(≥15%), 공급≥군 중앙, 변동성≤군 75%"
새송이(일반),버섯류,2096.3475714407136,팽이,1370.567186582159,0.34621185663378157,335133.75,0.10573752199104887,"동일군 저가(≥15%), 공급≥군 중앙, 변동성≤군 75%"
수미,서류,1122.7195135779414,단호박,694.5206021385883,0.3813943787922283,13843.75,0.3190623464925846,"동일군 저가(≥15%), 공급≥군 중앙, 변동성≤군 75%"
시금치(일반),나물류,4969.093243820897,돌미나리,1225.7309533312048,0.7533290495491983,109721.5,0.2779100491291431,"동일군 저가(≥15%), 공급≥군 중앙, 변동성≤군 75%"
애호박,과채류-청색,2390.6604244658465,백다다기,1863.049472609109,0.2206967357040692,4404416.75,0.28684922610598734,"동일군 저가(≥15%), 공급≥군 중앙, 변동성≤군 75%"
양상추(일반),양채류,1412.301200942125,양배추(일반),468.2344585635093,0.6684599161624832,1949973.0,0.11819373676906281,"동일군 저가(≥15%), 공급≥군 중앙, 변동성≤군 75%"
양상추(일반),양채류,1412.301200942125,적채(일반),915.1403624681024,0.3520218195254823,107512.5,0.12804702046515065,"동일군 저가(≥15%), 공급≥군 중앙, 변동성≤군 75%"
양송이(일반),버섯류,5941.811518781189,팽이,1370.567186582159,0.7693351291519821,335133.75,0.10573752199104887,"동일군 저가(≥15%), 공급≥군 중앙, 변동성≤군 75%"
양송이(일반),버섯류,5941.811518781189,새송이(일반),2096.3475714407136,0.647187130588859,417277.5,0.071723620571216,"동일군 저가(≥15%), 공급≥군 중앙, 변동성≤군 75%"
양송이(일반),버섯류,5941.811518781189,맛느타리버섯,2634.3578242635685,0.556640627872946,100949.0,0.11505561097688842,"동일군 저가(≥15%), 공급≥군 중앙, 변동성≤군 75%"
영양부추,나물류,3561.2726915931703,돌미나리,1225.7309533312048,0.6558165971885972,109721.5,0.2779100491291431,"동일군 저가(≥15%), 공급≥군 중앙, 변동성≤군 75%"
오이맛고추,과채류-청색,2608.9723565091244,백다다기,1863.049472609109,0.28590677936419173,4404416.75,0.28684922610598734,"동일군 저가(≥15%), 공급≥군 중앙, 변동성≤군 75%"
완숙토마토,과채류-붉은색,1308.7601894085135,당근(일반),1073.3879024263188,0.17984370925004223,572245.0,0.12059094691697388,"동일군 저가(≥15%), 공급≥군 중앙, 변동성≤군 75%"
일반부추,기타,1495.1722757118462,기타,1066.2961749085073,0.28684059206412565,0.0,0.0,"동일군 저가(≥15%), 공급≥군 중앙, 변동성≤군 75%"
자주양파,과채류-하얀색,1838.7432002815735,만생양파,315.61662099649413,0.8283519846876982,298041.25,0.17387906280926155,"동일군 저가(≥15%), 공급≥군 중앙, 변동성≤군 75%"
적채(일반),양채류,915.1403624681024,양배추(일반),468.2344585635093,0.4883468397119047,1949973.0,0.11819373676906281,"동일군 저가(≥15%), 공급≥군 중앙, 변동성≤군 75%"
청고추,조미채소류,3057.7221138856426,대파(일반),981.1687000456664,0.6791177669184882,1740320.5,0.20965804506572205,"동일군 저가(≥15%), 공급≥군 중앙, 변동성≤군 75%"
청양,조미채소류,3292.040692806072,대파(일반),981.1687000456664,0.7019572989512353,1740320.5,0.20965804506572205,"동일군 저가(≥15%), 공급≥군 중앙, 변동성≤군 75%"
청초(일반),조미채소류,2926.491230338916,대파(일반),981.1687000456664,0.6647286382154297,1740320.5,0.20965804506572205,"동일군 저가(≥15%), 공급≥군 중앙, 변동성≤군 75%"
청피망,과채류-청색,3139.9351835580023,백다다기,1863.049472609109,0.4066598946483952,4404416.75,0.28684922610598734,"동일군 저가(≥15%), 공급≥군 중앙, 변동성≤군 75%"
청피망,과채류-청색,3139.9351835580023,애호박,2390.6604244658465,0.2386274605333987,1006122.75,0.17627554608251453,"동일군 저가(≥15%), 공급≥군 중앙, 변동성≤군 75%"
청피망,과채류-청색,3139.9351835580023,오이맛고추,2608.9723565091244,0.1690999323263262,247163.0,0.20816515505505848,"동일군 저가(≥15%), 공급≥군 중앙, 변동성≤군 75%"
치커리(일반),양채류,4949.948065605084,양배추(일반),468.2344585635093,0.9054061876289246,1949973.0,0.11819373676906281,"동일군 저가(≥15%), 공급≥군 중앙, 변동성≤군 75%"
치커리(일반),양채류,4949.948065605084,적채(일반),915.1403624681024,0.8151212193865612,107512.5,0.12804702046515065,"동일군 저가(≥15%), 공급≥군 중앙, 변동성≤군 75%"
치커리(일반),양채류,4949.948065605084,양상추(일반),1412.301200942125,0.7146836325907594,331524.75,0.17268765179171974,"동일군 저가(≥15%), 공급≥군 중앙, 변동성≤군 75%"
치콘,기타,3435.788575341753,기타,1066.2961749085073,0.6896502355931102,0.0,0.0,"동일군 저가(≥15%), 공급≥군 중앙, 변동성≤군 75%"
토마토(일반),과채류-붉은색,1400.395076561055,당근(일반),1073.3879024263188,0.23351065681945488,572245.0,0.12059094691697388,"동일군 저가(≥15%), 공급≥군 중앙, 변동성≤군 75%"
파프리카,기타,1977.427768768919,기타,1066.2961749085073,0.46076605590867736,0.0,0.0,"동일군 저가(≥15%), 공급≥군 중앙, 변동성≤군 75%"
포장쪽파,조미채소류,4570.220542189014,대파(일반),981.1687000456664,0.7853126143500072,1740320.5,0.20965804506572205,"동일군 저가(≥15%), 공급≥군 중앙, 변동성≤군 75%"
포장쪽파,조미채소류,4570.220542189014,청고추,3057.7221138856426,0.33094648591697806,41435.25,0.2832901053038178,"동일군 저가(≥15%), 공급≥군 중앙, 변동성≤군 75%"
포장쪽파,조미채소류,4570.220542189014,홍청양,3174.594348494582,0.3053739268839877,39782.0,0.1156121414321489,"동일군 저가(≥15%), 공급≥군 중앙, 변동성≤군 75%"
포장쪽파,조미채소류,4570.220542189014,청양,3292.040692806072,0.279675748157757,531588.25,0.19117793626144602,"동일군 저가(≥15%), 공급≥군 중앙, 변동성≤군 75%"
표고버섯(일반),버섯류,6185.668195156779,팽이,1370.567186582159,0.7784285960155353,335133.75,0.10573752199104887,"동일군 저가(≥15%), 공급≥군 중앙, 변동성≤군 75%"
표고버섯(일반),버섯류,6185.668195156779,새송이(일반),2096.3475714407136,0.6610960198151653,417277.5,0.071723620571216,"동일군 저가(≥15%), 공급≥군 중앙, 변동성≤군 75%"
표고버섯(일반),버섯류,6185.668195156779,맛느타리버섯,2634.3578242635685,0.5741191183958464,100949.0,0.11505561097688842,"동일군 저가(≥15%), 공급≥군 중앙, 변동성≤군 75%"
호박고구마,서류,1976.6439311096756,단호박,694.5206021385883,0.6486364634477503,13843.75,0.3190623464925846,"동일군 저가(≥15%), 공급≥군 중앙, 변동성≤군 75%"
호박고구마,서류,1976.6439311096756,수미,1122.7195135779414,0.4320072037718571,1660161.0,0.21830110928867777,"동일군 저가(≥15%), 공급≥군 중앙, 변동성≤군 75%"
홍고추(일반),조미채소류,4860.284821945941,대파(일반),981.1687000456664,0.7981252671415194,1740320.5,0.20965804506572205,"동일군 저가(≥15%), 공급≥군 중앙, 변동성≤군 75%"
홍고추(일반),조미채소류,4860.284821945941,청고추,3057.7221138856426,0.370875941245399,41435.25,0.2832901053038178,"동일군 저가(≥15%), 공급≥군 중앙, 변동성≤군 75%"
홍고추(일반),조미채소류,4860.284821945941,홍청양,3174.594348494582,0.3468295655924342,39782.0,0.1156121414321489,"동일군 저가(≥15%), 공급≥군 중앙, 변동성≤군 75%"
홍고추(일반),조미채소류,4860.284821945941,청양,3292.040692806072,0.322665067293661,531588.25,0.19117793626144602,"동일군 저가(≥15%), 공급≥군 중앙, 변동성≤군 75%"
홍고추(일반),조미채소류,4860.284821945941,쪽파(일반),4041.3881091331086,0.16848739175018088,28113.0,0.2054547961466796,"동일군 저가(≥15%), 공급≥군 중앙, 변동성≤군 75%"
홍청양,조미채소류,3174.594348494582,대파(일반),981.1687000456664,0.6909310002042827,1740320.5,0.20965804506572205,"동일군 저가(≥15%), 공급≥군 중앙, 변동성≤군 75%"
홍피망,과채류-붉은색,4207.196571774877,당근(일반),1073.3879024263188,0.7448686116479133,572245.0,0.12059094691697388,"동일군 저가(≥15%), 공급≥군 중앙, 변동성≤군 75%"
홍피망,과채류-붉은색,4207.196571774877,토마토(일반),1400.395076561055,0.6671429412267889,987349.75,0.21435893060583508,"동일군 저가(≥15%), 공급≥군 중앙, 변동성≤군 75%"
홍피망,과채류-붉은색,4207.196571774877,빨강파프리카,2858.6097449461345,0.3205428612192222,378242.0,0.13479809754647484,"동일군 저가(≥15%), 공급≥군 중앙, 변동성≤군 75%"
홍피망,과채류-붉은색,4207.196571774877,대추방울,2872.5985714790854,0.3172178854796061,583284.25,0.19276707193208428,"동일군 저가(≥15%), 공급≥군 중앙, 변동성≤군 75%"
