item,feature,corr
양배추(일반),log_price_lag1,0.9039058233771164
양배추(일반),log_price_lag2,0.8063323199936578
양배추(일반),log_price_lag4,0.6311032458570476
양배추(일반),log_price_lag8,0.27325202013476074
양배추(일반),log_price_lag12,0.03311651687086538
양배추(일반),log_price_lag52,-0.05996482747851705
양배추(일반),log_price_rollmean4,0.8158660144267942
양배추(일반),log_price_rollstd4,-0.05524641743376733
양배추(일반),log_price_rollmean8,0.6721325271407282
양배추(일반),log_price_rollstd8,-0.0477324551724318
양배추(일반),log_price_rollmean12,0.5342256090331059
양배추(일반),log_price_rollstd12,-0.00416639205486734
양배추(일반),log_price_rollmean26,0.33507868915388805
양배추(일반),log_price_rollstd26,0.09248314997983571
양배추(일반),log_price_rollmean52,0.3049053447897906
양배추(일반),log_price_rollstd52,-0.04430759904104006
양배추(일반),log_qty_lag1,-0.08975950919396981
양배추(일반),log_qty_lag2,-0.04716135491293962
양배추(일반),log_qty_lag4,-0.027063125303918672
양배추(일반),log_qty_lag8,0.14531921306304965
양배추(일반),log_qty_lag12,0.13238977326925544
양배추(일반),log_qty_lag52,-0.04786072244658954
양배추(일반),log_qty_rollmean4,-0.07550877181290915
양배추(일반),log_qty_rollstd4,0.13126942393800228
양배추(일반),log_qty_rollmean8,0.04898710204922818
양배추(일반),log_qty_rollstd8,0.05298981671258878
양배추(일반),log_qty_rollmean12,0.15280037432419974
양배추(일반),log_qty_rollstd12,-0.05803979662499219
양배추(일반),log_qty_rollmean26,0.13734007933253625
양배추(일반),log_qty_rollstd26,-0.03149084890937028
양배추(일반),log_qty_rollmean52,-0.06816648616745434
양배추(일반),log_qty_rollstd52,0.2681099557385216
양배추(일반),price_vol_4,-0.00587377838574378
양배추(일반),price_vol_8,0.03542638062595359
양배추(일반),price_vol_12,0.07239310453238254
양배추(일반),year,0.24435841640297648
양배추(일반),month,0.04856870768177951
양배추(일반),weekofyear,0.03319577733173074
청피망,log_price_lag1,0.8848117952131778
청피망,log_price_lag2,0.7359250402222344
청피망,log_price_lag4,0.48439226294966575
청피망,log_price_lag8,0.09406739846148032
청피망,log_price_lag12,-0.061761868826682734
청피망,log_price_lag52,0.6351795611488384
청피망,log_price_rollmean4,0.7385157584197544
청피망,log_price_rollstd4,-0.042273280677899545
청피망,log_price_rollmean8,0.5455800341610388
청피망,log_price_rollstd8,0.10592359550402612
청피망,log_price_rollmean12,0.39882937981576594
청피망,log_price_rollstd12,0.09150451958617115
청피망,log_price_rollmean26,0.20441085948416435
청피망,log_price_rollstd26,-0.15177549516243755
청피망,log_price_rollmean52,0.30520332629287633
청피망,log_price_rollstd52,0.046966421943606354
청피망,log_qty_lag1,-0.6066802995195151
청피망,log_qty_lag2,-0.5503306057358703
청피망,log_qty_lag4,-0.5147592478441383
청피망,log_qty_lag8,-0.3628917056077215
청피망,log_qty_lag12,-0.2027414377849976
청피망,log_qty_lag52,-0.43458433700540766
청피망,log_qty_rollmean4,-0.6166933071164704
청피망,log_qty_rollstd4,0.17246288341344593
청피망,log_qty_rollmean8,-0.5766025126476882
청피망,log_qty_rollstd8,0.2498109052271701
청피망,log_qty_rollmean12,-0.5047963536827147
청피망,log_qty_rollstd12,0.18822851308151425
청피망,log_qty_rollmean26,-0.2566624646620014
청피망,log_qty_rollstd26,0.26427709009275446
청피망,log_qty_rollmean52,-0.31327663161730795
청피망,log_qty_rollstd52,0.2766891189751357
청피망,price_vol_4,0.03161151278075222
청피망,price_vol_8,0.08139379079015484
청피망,price_vol_12,0.0393878416951716
청피망,year,0.3866827769698555
청피망,month,-0.3400329737349977
청피망,weekofyear,-0.3466684107076177
양상추(일반),log_price_lag1,0.8759102132910584
양상추(일반),log_price_lag2,0.7339079555670307
양상추(일반),log_price_lag4,0.4709779226557855
양상추(일반),log_price_lag8,0.1403634424931407
양상추(일반),log_price_lag12,-0.09080662940751374
양상추(일반),log_price_lag52,0.37280595936606165
양상추(일반),log_price_rollmean4,0.7304131185678403
양상추(일반),log_price_rollstd4,0.0582701646950598
양상추(일반),log_price_rollmean8,0.5622429729752711
양상추(일반),log_price_rollstd8,0.11108936114000101
양상추(일반),log_price_rollmean12,0.4083275272940849
양상추(일반),log_price_rollstd12,0.20356024347299317
양상추(일반),log_price_rollmean26,0.27434718227090643
양상추(일반),log_price_rollstd26,0.1779904229562682
양상추(일반),log_price_rollmean52,0.2805373238915012
양상추(일반),log_price_rollstd52,0.17543852553998224
양상추(일반),log_qty_lag1,-0.4335253529458054
양상추(일반),log_qty_lag2,-0.4176097792741354
양상추(일반),log_qty_lag4,-0.40974432442187314
양상추(일반),log_qty_lag8,-0.25006586643434386
양상추(일반),log_qty_lag12,-0.023991461462610112
양상추(일반),log_qty_lag52,-0.38194127540453826
양상추(일반),log_qty_rollmean4,-0.4515079680044181
양상추(일반),log_qty_rollstd4,0.23432349356992166
양상추(일반),log_qty_rollmean8,-0.4268335030854054
양상추(일반),log_qty_rollstd8,0.23694258392727366
양상추(일반),log_qty_rollmean12,-0.3532103343152245
양상추(일반),log_qty_rollstd12,0.1581619280470452
양상추(일반),log_qty_rollmean26,-0.25389036035441614
양상추(일반),log_qty_rollstd26,0.2316868786559635
양상추(일반),log_qty_rollmean52,-0.16352407118940776
양상추(일반),log_qty_rollstd52,0.0020323260445571497
양상추(일반),price_vol_4,0.22095686801539038
양상추(일반),price_vol_8,0.281466304639061
양상추(일반),price_vol_12,0.32998791080281675
양상추(일반),year,0.26376042067984645
양상추(일반),month,0.09445558066634341
양상추(일반),weekofyear,0.08398274240253562
양송이(일반),log_price_lag1,0.761336152508268
양송이(일반),log_price_lag2,0.5740000008280363
양송이(일반),log_price_lag4,0.40139407417697315
양송이(일반),log_price_lag8,0.3317377158930567
양송이(일반),log_price_lag12,0.2556074748976947
양송이(일반),log_price_lag52,0.5480900497520643
양송이(일반),log_price_rollmean4,0.6414622094878374
양송이(일반),log_price_rollstd4,0.007585827391740574
양송이(일반),log_price_rollmean8,0.5823893714020488
양송이(일반),log_price_rollstd8,-0.0503397074478443
양송이(일반),log_price_rollmean12,0.5619258305032635
양송이(일반),log_price_rollstd12,0.0953205600210718
양송이(일반),log_price_rollmean26,0.4617585753981245
양송이(일반),log_price_rollstd26,0.1081928246214754
양송이(일반),log_price_rollmean52,0.49586019455625624
양송이(일반),log_price_rollstd52,0.30926683056186155
양송이(일반),log_qty_lag1,-0.49412144173890976
양송이(일반),log_qty_lag2,-0.5114877426667012
양송이(일반),log_qty_lag4,-0.4813656094939288
양송이(일반),log_qty_lag8,-0.43089497229656887
양송이(일반),log_qty_lag12,-0.4078040891191111
양송이(일반),log_qty_lag52,-0.3962644963120157
양송이(일반),log_qty_rollmean4,-0.5483951804246271
양송이(일반),log_qty_rollstd4,-0.09272313364023481
양송이(일반),log_qty_rollmean8,-0.5365402493802623
양송이(일반),log_qty_rollstd8,-0.12661469796464325
양송이(일반),log_qty_rollmean12,-0.5240797745837589
양송이(일반),log_qty_rollstd12,-0.15312114765440804
양송이(일반),log_qty_rollmean26,-0.4461618642355189
양송이(일반),log_qty_rollstd26,-0.14428440988454838
양송이(일반),log_qty_rollmean52,-0.43883336467067124
양송이(일반),log_qty_rollstd52,-0.05836702424569202
양송이(일반),price_vol_4,0.04926836076621647
양송이(일반),price_vol_8,-0.005114285499606367
양송이(일반),price_vol_12,0.08818315541077905
양송이(일반),year,0.34770251742648317
양송이(일반),month,0.3741408559387895
양송이(일반),weekofyear,0.35211065011245546
영양부추,log_price_lag1,0.9126951475883812
영양부추,log_price_lag2,0.812979205036114
영양부추,log_price_lag4,0.5969278026903129
영양부추,log_price_lag8,0.39079833682081033
영양부추,log_price_lag12,0.15051348174279103
영양부추,log_price_lag52,0.8119712725786793
영양부추,log_price_rollmean4,0.8035853174072747
영양부추,log_price_rollstd4,0.19937908046489963
영양부추,log_price_rollmean8,0.6923828929178416
영양부추,log_price_rollstd8,0.18362961418754734
영양부추,log_price_rollmean12,0.6029167598441221
영양부추,log_price_rollstd12,0.18977976432196259
영양부추,log_price_rollmean26,0.07262945681823005
영양부추,log_price_rollstd26,-0.04761776192778646
영양부추,log_price_rollmean52,0.21459300260369749
영양부추,log_price_rollstd52,0.10889061050835257
영양부추,log_qty_lag1,-0.8295080163028196
영양부추,log_qty_lag2,-0.7458042351552564
영양부추,log_qty_lag4,-0.5845704401905448
영양부추,log_qty_lag8,-0.30224105712515553
영양부추,log_qty_lag12,0.03389810350157167
영양부추,log_qty_lag52,-0.8267947476044013
영양부추,log_qty_rollmean4,-0.727911634942619
영양부추,log_qty_rollstd4,0.003093074438869995
영양부추,log_qty_rollmean8,-0.5955533186123392
영양부추,log_qty_rollstd8,0.00923843417353287
영양부추,log_qty_rollmean12,-0.4546929710467289
영양부추,log_qty_rollstd12,-0.020937612110948564
영양부추,log_qty_rollmean26,0.07607140448408091
영양부추,log_qty_rollstd26,-0.09952811085701674
영양부추,log_qty_rollmean52,-0.2030485729729714
영양부추,log_qty_rollstd52,0.08384312951897084
영양부추,price_vol_4,0.23035932246147905
영양부추,price_vol_8,0.2443576153541961
영양부추,price_vol_12,0.19934480090667633
영양부추,year,0.19957074516246995
영양부추,month,0.12855095432456545
영양부추,weekofyear,0.10246752235539942
오이맛고추,log_price_lag1,0.8203610516714587
오이맛고추,log_price_lag2,0.6370014439300778
오이맛고추,log_price_lag4,0.48156090652224764
오이맛고추,log_price_lag8,0.19781735470611572
오이맛고추,log_price_lag12,-0.0667256857530557
오이맛고추,log_price_lag52,0.5124748924775687
오이맛고추,log_price_rollmean4,0.7007890013290609
오이맛고추,log_price_rollstd4,0.07389638368660931
오이맛고추,log_price_rollmean8,0.5692097402477565
오이맛고추,log_price_rollstd8,0.2428649580546361
오이맛고추,log_price_rollmean12,0.4296079423046924
오이맛고추,log_price_rollstd12,0.27307462842278163
오이맛고추,log_price_rollmean26,0.2603194685162714
오이맛고추,log_price_rollstd26,0.04588951934213298
오이맛고추,log_price_rollmean52,0.31787981027530243
오이맛고추,log_price_rollstd52,0.02610449298386423
오이맛고추,log_qty_lag1,-0.6092576446169186
오이맛고추,log_qty_lag2,-0.545155349340212
오이맛고추,log_qty_lag4,-0.5164837477012869
오이맛고추,log_qty_lag8,-0.38244570730423105
오이맛고추,log_qty_lag12,-0.14147817979360702
오이맛고추,log_qty_lag52,-0.4593883622856075
오이맛고추,log_qty_rollmean4,-0.5908857979056182
오이맛고추,log_qty_rollstd4,0.20262994617489985
오이맛고추,log_qty_rollmean8,-0.5490051195045311
오이맛고추,log_qty_rollstd8,0.13697861146541643
오이맛고추,log_qty_rollmean12,-0.48456521780022693
오이맛고추,log_qty_rollstd12,-0.024430635214880727
오이맛고추,log_qty_rollmean26,-0.17087737269690065
오이맛고추,log_qty_rollstd26,-0.04646667164388753
오이맛고추,log_qty_rollmean52,-0.1558480411893336
오이맛고추,log_qty_rollstd52,-0.10812866205984492
오이맛고추,price_vol_4,0.07346088081972099
오이맛고추,price_vol_8,0.044756194545352734
오이맛고추,price_vol_12,0.01796668648061948
오이맛고추,year,0.3678170985376022
오이맛고추,month,-0.41853392950475465
오이맛고추,weekofyear,-0.4248848811848054
완숙토마토,log_price_lag1,0.8348290480593632
완숙토마토,log_price_lag2,0.6626229723811136
완숙토마토,log_price_lag4,0.5949284077033618
완숙토마토,log_price_lag8,0.28636699848596203
완숙토마토,log_price_lag12,0.027470872182610583
완숙토마토,log_price_lag52,0.39479078473327245
완숙토마토,log_price_rollmean4,0.7524115316022665
완숙토마토,log_price_rollstd4,0.08859311420100192
완숙토마토,log_price_rollmean8,0.6541229736442814
완숙토마토,log_price_rollstd8,0.13674905902090895
완숙토마토,log_price_rollmean12,0.516687237594793
완숙토마토,log_price_rollstd12,0.1213224680854655
완숙토마토,log_price_rollmean26,0.2812379667667041
완숙토마토,log_price_rollstd26,0.13409060386305352
완숙토마토,log_price_rollmean52,0.3253900659491451
완숙토마토,log_price_rollstd52,-0.013522507804366963
완숙토마토,log_qty_lag1,-0.5907529506798816
완숙토마토,log_qty_lag2,-0.4685209757517395
완숙토마토,log_qty_lag4,-0.4667692072789225
완숙토마토,log_qty_lag8,-0.25142285025632544
완숙토마토,log_qty_lag12,-0.006581960887613896
완숙토마토,log_qty_lag52,-0.3097883931204089
완숙토마토,log_qty_rollmean4,-0.5593619199532568
완숙토마토,log_qty_rollstd4,0.1926087442096552
완숙토마토,log_qty_rollmean8,-0.5092072353586727
완숙토마토,log_qty_rollstd8,0.2244010969476754
완숙토마토,log_qty_rollmean12,-0.4113280359197873
완숙토마토,log_qty_rollstd12,0.13596669632084427
완숙토마토,log_qty_rollmean26,-0.05451582338725403
완숙토마토,log_qty_rollstd26,0.0862924214262392
완숙토마토,log_qty_rollmean52,0.1375923430868839
완숙토마토,log_qty_rollstd52,-0.07165581866928328
완숙토마토,price_vol_4,0.07113883048822582
완숙토마토,price_vol_8,0.21438933530837195
완숙토마토,price_vol_12,0.2860407720575212
완숙토마토,year,0.32528504042170675
완숙토마토,month,0.015159530295202717
완숙토마토,weekofyear,0.0118082037035362
일반부추,log_price_lag1,0.9046358471386117
일반부추,log_price_lag2,0.7617577350500526
일반부추,log_price_lag4,0.5436680027083568
일반부추,log_price_lag8,0.350482569999723
일반부추,log_price_lag12,0.26492613876548193
일반부추,log_price_lag52,0.7212178504836343
일반부추,log_price_rollmean4,0.7663833982266748
일반부추,log_price_rollstd4,0.12090861106943732
일반부추,log_price_rollmean8,0.6604940365674294
일반부추,log_price_rollstd8,0.10232495072090007
일반부추,log_price_rollmean12,0.5967295474675072
일반부추,log_price_rollstd12,-0.01372904239230725
일반부추,log_price_rollmean26,0.27709435349512457
일반부추,log_price_rollstd26,0.03598814033030045
일반부추,log_price_rollmean52,0.3795730611170436
일반부추,log_price_rollstd52,0.13666562992764578
일반부추,log_qty_lag1,-0.530206284114934
일반부추,log_qty_lag2,-0.4791836330692565
일반부추,log_qty_lag4,-0.3990564835389757
일반부추,log_qty_lag8,-0.3393920465595577
일반부추,log_qty_lag12,-0.3237845584023657
일반부추,log_qty_lag52,-0.518064239461799
일반부추,log_qty_rollmean4,-0.5355725349779056
일반부추,log_qty_rollstd4,0.20636277033164052
일반부추,log_qty_rollmean8,-0.49893670753070507
일반부추,log_qty_rollstd8,0.2839513867292692
일반부추,log_qty_rollmean12,-0.5008274482438708
일반부추,log_qty_rollstd12,0.20425902718511954
일반부추,log_qty_rollmean26,-0.2352348674063122
일반부추,log_qty_rollstd26,-0.07272292600764714
일반부추,log_qty_rollmean52,-0.17583715992989316
일반부추,log_qty_rollstd52,0.039439906447192266
일반부추,price_vol_4,0.12920353086202588
일반부추,price_vol_8,0.09204899197184684
일반부추,price_vol_12,0.10490704488475192
일반부추,year,0.3644852980337967
일반부추,month,0.024028905371855282
일반부추,weekofyear,0.0032175989640493446
적채(일반),log_price_lag1,0.8708185383607419
적채(일반),log_price_lag2,0.7809037590547921
적채(일반),log_price_lag4,0.5719285430277612
적채(일반),log_price_lag8,0.22735345378385263
적채(일반),log_price_lag12,0.12489657860638897
적채(일반),log_price_lag52,0.13897264054667685
적채(일반),log_price_rollmean4,0.7829449003851608
적채(일반),log_price_rollstd4,-0.014251584960248623
적채(일반),log_price_rollmean8,0.6315519894232043
적채(일반),log_price_rollstd8,-0.13166775115178997
적채(일반),log_price_rollmean12,0.5291911405099056
적채(일반),log_price_rollstd12,-0.15190928881111435
적채(일반),log_price_rollmean26,0.2785163609287603
적채(일반),log_price_rollstd26,-0.14892984600220074
적채(일반),log_price_rollmean52,0.16529152701468816
적채(일반),log_price_rollstd52,-0.3208139087028269
적채(일반),log_qty_lag1,-0.19674972220074358
적채(일반),log_qty_lag2,-0.19085186681467936
적채(일반),log_qty_lag4,-0.17144241156253026
적채(일반),log_qty_lag8,-0.025515437157325127
적채(일반),log_qty_lag12,0.028717768531520128
적채(일반),log_qty_lag52,0.02409400604197178
적채(일반),log_qty_rollmean4,-0.28307944216738495
적채(일반),log_qty_rollstd4,-0.072135053008712
적채(일반),log_qty_rollmean8,-0.24152677338410583
적채(일반),log_qty_rollstd8,-0.04670763108449832
적채(일반),log_qty_rollmean12,-0.16729825725954772
적채(일반),log_qty_rollstd12,-0.02116922511307811
적채(일반),log_qty_rollmean26,0.012270627990119727
적채(일반),log_qty_rollstd26,-0.06733527380751979
적채(일반),log_qty_rollmean52,0.062253061147736766
적채(일반),log_qty_rollstd52,0.04869864688405737
적채(일반),price_vol_4,0.1083722223987831
적채(일반),price_vol_8,0.21364791573690547
적채(일반),price_vol_12,0.1863279377405178
적채(일반),year,0.2656068178280808
적채(일반),month,0.05089397049275527
적채(일반),weekofyear,0.0235751293179097
청고추,log_price_lag1,0.7881535266738775
청고추,log_price_lag2,0.5923037098776792
청고추,log_price_lag4,0.4181037475514065
청고추,log_price_lag8,0.15033284021824206
청고추,log_price_lag12,-0.030505594843761835
청고추,log_price_lag52,0.4926721989236593
청고추,log_price_rollmean4,0.6588728995468225
청고추,log_price_rollstd4,0.012198383857456772
청고추,log_price_rollmean8,0.5205282639517125
청고추,log_price_rollstd8,0.101626868814008
청고추,log_price_rollmean12,0.403849758506149
청고추,log_price_rollstd12,0.05403692065519073
청고추,log_price_rollmean26,0.38269949159591
청고추,log_price_rollstd26,-0.17868156045562492
청고추,log_price_rollmean52,0.39578752667352535
청고추,log_price_rollstd52,-0.197388906382269
청고추,log_qty_lag1,-0.12848994038317205
청고추,log_qty_lag2,-0.04067265259016626
청고추,log_qty_lag4,-0.018130571419302504
청고추,log_qty_lag8,0.03992692419952424
청고추,log_qty_lag12,0.15029633660692532
청고추,log_qty_lag52,0.0480490508958285
청고추,log_qty_rollmean4,-0.05417339191334487
청고추,log_qty_rollstd4,0.1250327181014192
청고추,log_qty_rollmean8,-0.01504618666354239
청고추,log_qty_rollstd8,0.09942922075754042
청고추,log_qty_rollmean12,0.025716327165544513
청고추,log_qty_rollstd12,-0.05051242188337159
청고추,log_qty_rollmean26,0.16806457101609823
청고추,log_qty_rollstd26,-0.2333207601799548
청고추,log_qty_rollmean52,0.3231720976635906
청고추,log_qty_rollstd52,-0.13260367330076156
청고추,price_vol_4,0.12460659150185761
청고추,price_vol_8,0.13367420962617393
청고추,price_vol_12,0.09164472611290023
청고추,year,0.41584928549998845
청고추,month,-0.30718832073917185
청고추,weekofyear,-0.31521989916388116
청양,log_price_lag1,0.900041677912753
청양,log_price_lag2,0.7944448233853937
청양,log_price_lag4,0.5772534133433574
청양,log_price_lag8,0.2161784445605557
청양,log_price_lag12,-0.044222527079506635
청양,log_price_lag52,0.44239638204078235
청양,log_price_rollmean4,0.7911272231923258
청양,log_price_rollstd4,0.18331005614574714
청양,log_price_rollmean8,0.6351775408655332
청양,log_price_rollstd8,0.18966829120578443
청양,log_price_rollmean12,0.4818649409871785
청양,log_price_rollstd12,0.15727482966742798
청양,log_price_rollmean26,0.2397528114144586
청양,log_price_rollstd26,-0.03050699518114784
청양,log_price_rollmean52,0.29873634705160834
청양,log_price_rollstd52,0.1935135897831165
청양,log_qty_lag1,-0.6236792267081084
청양,log_qty_lag2,-0.5864463040863602
청양,log_qty_lag4,-0.5108472530530013
청양,log_qty_lag8,-0.2610152437095949
청양,log_qty_lag12,-0.054579332507619496
청양,log_qty_lag52,-0.41726471016581423
청양,log_qty_rollmean4,-0.7145971037672751
청양,log_qty_rollstd4,0.2822836866987017
청양,log_qty_rollmean8,-0.6525088526318409
청양,log_qty_rollstd8,0.23783743685756545
청양,log_qty_rollmean12,-0.5455283676334259
청양,log_qty_rollstd12,0.04909593929652423
청양,log_qty_rollmean26,-0.3412314500302137
청양,log_qty_rollstd26,-0.19657790618080132
청양,log_qty_rollmean52,-0.3054909937629802
청양,log_qty_rollstd52,0.055788769222501054
청양,price_vol_4,0.16131444416776514
청양,price_vol_8,0.19413590282489604
청양,price_vol_12,0.1547445315448301
청양,year,0.33248223570752855
청양,month,-0.26464142645791755
청양,weekofyear,-0.2741394544457148
청초(일반),log_price_lag1,0.8232055548244985
청초(일반),log_price_lag2,0.6822567140887991
청초(일반),log_price_lag4,0.4524905078857492
청초(일반),log_price_lag8,0.18792099118235353
청초(일반),log_price_lag12,-0.07655728486775407
청초(일반),log_price_lag52,0.5697455182555138
청초(일반),log_price_rollmean4,0.7030539256658614
청초(일반),log_price_rollstd4,0.032203541201901775
청초(일반),log_price_rollmean8,0.5617532614682481
청초(일반),log_price_rollstd8,0.13356916072840086
청초(일반),log_price_rollmean12,0.42393017919046705
청초(일반),log_price_rollstd12,0.2357322073124484
청초(일반),log_price_rollmean26,0.05879400975910456
청초(일반),log_price_rollstd26,0.3871420636483063
청초(일반),log_price_rollmean52,0.13949741079698694
청초(일반),log_price_rollstd52,0.057708448935395895
청초(일반),log_qty_lag1,-0.3648581560562569
청초(일반),log_qty_lag2,-0.339788277268153
청초(일반),log_qty_lag4,-0.28115486743695245
청초(일반),log_qty_lag8,-0.18743374372143842
청초(일반),log_qty_lag12,-0.08752648746850154
청초(일반),log_qty_lag52,-0.33685822969387796
청초(일반),log_qty_rollmean4,-0.33526581747535056
청초(일반),log_qty_rollstd4,-0.07672640797828882
청초(일반),log_qty_rollmean8,-0.29107436218010857
청초(일반),log_qty_rollstd8,-0.07763748454795971
청초(일반),log_qty_rollmean12,-0.24559840387298806
청초(일반),log_qty_rollstd12,0.02514400010317489
청초(일반),log_qty_rollmean26,-0.10274083202433114
청초(일반),log_qty_rollstd26,0.29591385893760946
청초(일반),log_qty_rollmean52,-0.09627789863170416
청초(일반),log_qty_rollstd52,0.0991576656895355
청초(일반),price_vol_4,0.16190250687534552
청초(일반),price_vol_8,0.1354197327830375
청초(일반),price_vol_12,0.14887101552294618
청초(일반),year,0.2022671665733997
청초(일반),month,-0.6051857610889152
청초(일반),weekofyear,-0.6133307906541757
취청,log_price_lag1,0.7775714762427558
취청,log_price_lag2,0.5978602047735784
취청,log_price_lag4,0.46588574712758873
취청,log_price_lag8,0.2780222416547904
취청,log_price_lag12,0.1339550485237753
취청,log_price_lag52,0.3912278486556679
취청,log_price_rollmean4,0.6804358260048561
취청,log_price_rollstd4,-0.07866517732870285
취청,log_price_rollmean8,0.6013007327039923
취청,log_price_rollstd8,-0.08948761656691795
취청,log_price_rollmean12,0.5107521371206505
취청,log_price_rollstd12,-0.1323574396808122
취청,log_price_rollmean26,0.28632672063407605
취청,log_price_rollstd26,0.04585267330957272
취청,log_price_rollmean52,0.3600891533837285
취청,log_price_rollstd52,0.12561556533833323
취청,log_qty_lag1,-0.5826425751377117
취청,log_qty_lag2,-0.4364275863177161
취청,log_qty_lag4,-0.36906977871197383
취청,log_qty_lag8,-0.29869640724700364
취청,log_qty_lag12,-0.18792305270070594
취청,log_qty_lag52,-0.4067668940099409
취청,log_qty_rollmean4,-0.5081469139735956
취청,log_qty_rollstd4,0.12652143967938304
취청,log_qty_rollmean8,-0.45273102047405983
취청,log_qty_rollstd8,0.14350034712764548
취청,log_qty_rollmean12,-0.40724592051645214
취청,log_qty_rollstd12,0.17730888400573136
취청,log_qty_rollmean26,-0.22162583409800315
취청,log_qty_rollstd26,0.31534901814832933
취청,log_qty_rollmean52,-0.33096588370935914
취청,log_qty_rollstd52,-0.11095923163370201
취청,price_vol_4,-0.05915097486497894
취청,price_vol_8,-0.037024465474613896
취청,price_vol_12,0.0023254254677469322
취청,year,0.40138522623340867
취청,month,-0.17461491483002928
취청,weekofyear,-0.18151368246911354
애호박,log_price_lag1,0.8529463202425162
애호박,log_price_lag2,0.6936660098967196
애호박,log_price_lag4,0.5326040914867642
애호박,log_price_lag8,0.24806120299345732
애호박,log_price_lag12,0.004953718484088132
애호박,log_price_lag52,0.5672831704965822
애호박,log_price_rollmean4,0.7391718774392442
애호박,log_price_rollstd4,-0.14591335180186593
애호박,log_price_rollmean8,0.6199129464952431
애호박,log_price_rollstd8,-0.12056399587109716
애호박,log_price_rollmean12,0.4879329741079727
애호박,log_price_rollstd12,-0.09991483554543806
애호박,log_price_rollmean26,0.21684849967788444
애호박,log_price_rollstd26,-0.09128344436785794
애호박,log_price_rollmean52,0.3571824703415884
애호박,log_price_rollstd52,-0.08457674574016598
애호박,log_qty_lag1,-0.8001579504814359
애호박,log_qty_lag2,-0.7299753760036127
애호박,log_qty_lag4,-0.6555935499627634
애호박,log_qty_lag8,-0.35126213703227355
애호박,log_qty_lag12,-0.0572075646346918
애호박,log_qty_lag52,-0.5694077544731421
애호박,log_qty_rollmean4,-0.8032106499314215
애호박,log_qty_rollstd4,0.06969148322218291
애호박,log_qty_rollmean8,-0.7254175358661152
애호박,log_qty_rollstd8,-0.0019252862098662982
애호박,log_qty_rollmean12,-0.597332290095624
애호박,log_qty_rollstd12,-0.026419702974030294
애호박,log_qty_rollmean26,-0.2326240450252427
애호박,log_qty_rollstd26,-0.18138455469967318
애호박,log_qty_rollmean52,-0.3361800700788372
애호박,log_qty_rollstd52,0.04926804833756725
애호박,price_vol_4,-0.1725537961719553
애호박,price_vol_8,-0.17026912799021518
애호박,price_vol_12,-0.11349981124305746
애호박,year,0.3809323085940188
애호박,month,-0.23364305362317886
애호박,weekofyear,-0.2412812712982372
치커리(일반),log_price_lag1,0.7880175880192458
치커리(일반),log_price_lag2,0.556278214527708
치커리(일반),log_price_lag4,0.3215907042660918
치커리(일반),log_price_lag8,0.17687059109431566
치커리(일반),log_price_lag12,0.12876539372153858
치커리(일반),log_price_lag52,0.40923696373299295
치커리(일반),log_price_rollmean4,0.6067805116171188
치커리(일반),log_price_rollstd4,0.14597641956080068
치커리(일반),log_price_rollmean8,0.5056473483511627
치커리(일반),log_price_rollstd8,0.07300422260178273
치커리(일반),log_price_rollmean12,0.4367454076511379
치커리(일반),log_price_rollstd12,0.054756605922316855
치커리(일반),log_price_rollmean26,0.2510208977398905
치커리(일반),log_price_rollstd26,0.024000247714380998
치커리(일반),log_price_rollmean52,0.3581418557962089
치커리(일반),log_price_rollstd52,0.07504150715523397
치커리(일반),log_qty_lag1,-0.4487610898611577
치커리(일반),log_qty_lag2,-0.3384917586376571
치커리(일반),log_qty_lag4,-0.20982646626116033
치커리(일반),log_qty_lag8,-0.06644197405606674
치커리(일반),log_qty_lag12,0.007112732072322915
치커리(일반),log_qty_lag52,-0.33346201431377637
치커리(일반),log_qty_rollmean4,-0.3660598141412533
치커리(일반),log_qty_rollstd4,-0.11298056025878998
치커리(일반),log_qty_rollmean8,-0.2643471614821766
치커리(일반),log_qty_rollstd8,-0.17926992836051275
치커리(일반),log_qty_rollmean12,-0.18967879906630455
치커리(일반),log_qty_rollstd12,-0.13196389700254774
치커리(일반),log_qty_rollmean26,-0.129961862589861
치커리(일반),log_qty_rollstd26,0.17838296743751234
치커리(일반),log_qty_rollmean52,-0.357673796631397
치커리(일반),log_qty_rollstd52,0.2524902093918914
치커리(일반),price_vol_4,0.24177559678746538
치커리(일반),price_vol_8,0.22199741537380394
치커리(일반),price_vol_12,0.19748591612274455
치커리(일반),year,0.32932847148255023
치커리(일반),month,0.1612891931432433
치커리(일반),weekofyear,0.15404620538772987
치콘,log_price_lag1,0.7622936620743576
치콘,log_price_lag2,0.5868232533253112
치콘,log_price_lag4,0.37389309397160264
치콘,log_price_lag8,0.13279520378842963
치콘,log_price_lag12,-0.028970019113430244
치콘,log_price_lag52,0.33918206849336263
치콘,log_price_rollmean4,0.6373734494702251
치콘,log_price_rollstd4,0.2686296462910357
치콘,log_price_rollmean8,0.5246206747149573
치콘,log_price_rollstd8,0.28066497605689555
치콘,log_price_rollmean12,0.3931794634793553
치콘,log_price_rollstd12,0.21342303881838862
치콘,log_price_rollmean26,0.20716552348220652
치콘,log_price_rollstd26,0.005303874018463715
치콘,log_price_rollmean52,0.22030218704757426
치콘,log_price_rollstd52,-0.07874584984200175
치콘,log_qty_lag1,-0.20278029314877113
치콘,log_qty_lag2,-0.1274060823429244
치콘,log_qty_lag4,-0.05348858900589456
치콘,log_qty_lag8,0.11963976719052116
치콘,log_qty_lag12,0.16829695292525151
치콘,log_qty_lag52,-0.12854485733735244
치콘,log_qty_rollmean4,-0.13102463343854007
치콘,log_qty_rollstd4,-0.011822797140554963
치콘,log_qty_rollmean8,-0.03419419667980849
치콘,log_qty_rollstd8,-0.0605489874167966
치콘,log_qty_rollmean12,0.042586663373277635
치콘,log_qty_rollstd12,0.0045791020766770265
치콘,log_qty_rollmean26,0.052969945200661714
치콘,log_qty_rollstd26,0.08138509960757824
치콘,log_qty_rollmean52,-0.24641298493733005
치콘,log_qty_rollstd52,0.2051592446070388
치콘,price_vol_4,0.3122070687503109
치콘,price_vol_8,0.3636633893868574
치콘,price_vol_12,0.32865883002314733
치콘,year,0.17799859325447467
치콘,month,0.19028412486776897
치콘,weekofyear,0.16764736895496704
토마토(일반),log_price_lag1,0.8375153082611081
토마토(일반),log_price_lag2,0.6615937537259322
토마토(일반),log_price_lag4,0.5921194006616646
토마토(일반),log_price_lag8,0.280198301519728
토마토(일반),log_price_lag12,0.055164906518079974
토마토(일반),log_price_lag52,0.4215760555491179
토마토(일반),log_price_rollmean4,0.7518300663935271
토마토(일반),log_price_rollstd4,0.18199735512206958
토마토(일반),log_price_rollmean8,0.6495067057443221
토마토(일반),log_price_rollstd8,0.213426004535758
토마토(일반),log_price_rollmean12,0.5213510495630639
토마토(일반),log_price_rollstd12,0.18673348173961168
토마토(일반),log_price_rollmean26,0.326463386106503
토마토(일반),log_price_rollstd26,0.18546813931700393
토마토(일반),log_price_rollmean52,0.3569488555374662
토마토(일반),log_price_rollstd52,-0.0453536780371153
토마토(일반),log_qty_lag1,-0.4921078004624349
토마토(일반),log_qty_lag2,-0.39922460950573907
토마토(일반),log_qty_lag4,-0.34608633392225696
토마토(일반),log_qty_lag8,-0.13519026465762254
토마토(일반),log_qty_lag12,0.12681962793179818
토마토(일반),log_qty_lag52,-0.3545663051194378
토마토(일반),log_qty_rollmean4,-0.4322722548486628
토마토(일반),log_qty_rollstd4,0.1259295685951622
토마토(일반),log_qty_rollmean8,-0.35469767361763255
토마토(일반),log_qty_rollstd8,0.07585631057843736
토마토(일반),log_qty_rollmean12,-0.24368676944408685
토마토(일반),log_qty_rollstd12,-0.11120065248276594
토마토(일반),log_qty_rollmean26,0.20498885190179808
토마토(일반),log_qty_rollstd26,-0.3622112004338156
토마토(일반),log_qty_rollmean52,0.14397053387211797
토마토(일반),log_qty_rollstd52,-0.19778350282227564
토마토(일반),price_vol_4,0.1934305972716756
토마토(일반),price_vol_8,0.31042808761393637
토마토(일반),price_vol_12,0.3526533822330352
토마토(일반),year,0.3510100979034823
토마토(일반),month,0.05560100940618257
토마토(일반),weekofyear,0.05269955480711195
파프리카,log_price_lag1,0.8530849581613736
파프리카,log_price_lag2,0.7544499279657956
파프리카,log_price_lag4,0.49566648079947
파프리카,log_price_lag8,-0.09360265419526667
파프리카,log_price_lag12,-0.4365688375929252
파프리카,log_price_lag52,0.7875321915856455
파프리카,log_price_rollmean4,0.7465937564848586
파프리카,log_price_rollstd4,-0.042701206610562564
파프리카,log_price_rollmean8,0.4984897227153113
파프리카,log_price_rollstd8,-0.04004284685637754
파프리카,log_price_rollmean12,0.22960432655129248
파프리카,log_price_rollstd12,-0.07031959945331998
파프리카,log_price_rollmean26,0.12860049321107098
파프리카,log_price_rollstd26,0.21185903031364178
파프리카,log_price_rollmean52,0.2081962120536572
파프리카,log_price_rollstd52,0.19464513479280401
파프리카,log_qty_lag1,-0.43617587976893046
파프리카,log_qty_lag2,-0.367459122750999
파프리카,log_qty_lag4,-0.20502107261813424
파프리카,log_qty_lag8,0.20286692518806151
파프리카,log_qty_lag12,0.5016976290684959
파프리카,log_qty_lag52,-0.4308653245372097
파프리카,log_qty_rollmean4,-0.35843331269445117
파프리카,log_qty_rollstd4,0.03672496126608214
파프리카,log_qty_rollmean8,-0.16749119300545356
파프리카,log_qty_rollstd8,-0.192249850437756
파프리카,log_qty_rollmean12,0.052864999865484485
파프리카,log_qty_rollstd12,-0.3867144651708785
파프리카,log_qty_rollmean26,0.2892492901992402
파프리카,log_qty_rollstd26,-0.17723313345219247
파프리카,log_qty_rollmean52,0.1178528754670715
파프리카,log_qty_rollstd52,-0.09333085709340555
파프리카,price_vol_4,0.16978382529203576
파프리카,price_vol_8,0.23775380068601537
파프리카,price_vol_12,0.2290418010724023
파프리카,year,0.2787589787959488
파프리카,month,-0.5788396780078205
파프리카,weekofyear,-0.5696387555895644
팽이,log_price_lag1,0.8668479321895688
팽이,log_price_lag2,0.7106505434658196
팽이,log_price_lag4,0.5056082406348019
팽이,log_price_lag8,0.20239315235582403
팽이,log_price_lag12,0.052133752232042224
팽이,log_price_lag52,0.47485048126897883
팽이,log_price_rollmean4,0.7337592316311046
팽이,log_price_rollstd4,-0.020416237459447217
팽이,log_price_rollmean8,0.5952384111168141
팽이,log_price_rollstd8,0.024045896514338343
팽이,log_price_rollmean12,0.47586369474146534
팽이,log_price_rollstd12,0.04862228527500497
팽이,log_price_rollmean26,0.31403342847536997
팽이,log_price_rollstd26,-0.060311245520860896
팽이,log_price_rollmean52,0.34270126979154797
팽이,log_price_rollstd52,-0.2811251543523961
팽이,log_qty_lag1,-0.20712459108658673
팽이,log_qty_lag2,-0.1643462275974332
팽이,log_qty_lag4,-0.16804591380719133
팽이,log_qty_lag8,-0.07987948161875162
팽이,log_qty_lag12,-0.03606124066146677
팽이,log_qty_lag52,-0.058376444727369234
팽이,log_qty_rollmean4,-0.24308609882351226
팽이,log_qty_rollstd4,0.07149201021127584
팽이,log_qty_rollmean8,-0.20923491355497537
팽이,log_qty_rollstd8,0.06194915859202067
팽이,log_qty_rollmean12,-0.16990731147514293
팽이,log_qty_rollstd12,0.04434184412811931
팽이,log_qty_rollmean26,-0.10128079717077587
팽이,log_qty_rollstd26,0.006708153136127974
팽이,log_qty_rollmean52,-0.051860531161227845
팽이,log_qty_rollstd52,-0.07480088832833402
팽이,price_vol_4,0.024035155948386025
팽이,price_vol_8,0.056618072930423084
팽이,price_vol_12,0.07466250015458621
팽이,year,0.3603641949743565
팽이,month,-0.0013650122772586796
팽이,weekofyear,-0.025383302170770245
포장쪽파,log_price_lag1,0.8661727851338342
포장쪽파,log_price_lag2,0.7437048728355556
포장쪽파,log_price_lag4,0.5493636594779528
포장쪽파,log_price_lag8,0.24679174764835404
포장쪽파,log_price_lag12,0.18205063538221505
포장쪽파,log_price_lag52,0.44356005854379
포장쪽파,log_price_rollmean4,0.7636858035451084
포장쪽파,log_price_rollstd4,-0.08732737856815315
포장쪽파,log_price_rollmean8,0.6248339706942205
포장쪽파,log_price_rollstd8,-0.14054230860613556
포장쪽파,log_price_rollmean12,0.5335846809237059
포장쪽파,log_price_rollstd12,-0.13938003088476109
포장쪽파,log_price_rollmean26,0.5518348359397037
포장쪽파,log_price_rollstd26,-0.12109947164443596
포장쪽파,log_price_rollmean52,0.5021316221488141
포장쪽파,log_price_rollstd52,-0.18745071654509898
포장쪽파,log_qty_lag1,-0.26255709020889606
포장쪽파,log_qty_lag2,-0.24519789849805312
포장쪽파,log_qty_lag4,-0.11500142203704306
포장쪽파,log_qty_lag8,0.13811131111082903
포장쪽파,log_qty_lag12,0.2960613405774837
포장쪽파,log_qty_lag52,-0.041201734216785926
포장쪽파,log_qty_rollmean4,-0.22459784105592492
포장쪽파,log_qty_rollstd4,0.062118391503314
포장쪽파,log_qty_rollmean8,-0.09088962554270551
포장쪽파,log_qty_rollstd8,0.04543321664608541
포장쪽파,log_qty_rollmean12,0.041818020960477355
포장쪽파,log_qty_rollstd12,0.043125922879753226
포장쪽파,log_qty_rollmean26,0.13624097383388023
포장쪽파,log_qty_rollstd26,-0.010401764240305873
포장쪽파,log_qty_rollmean52,0.27694036817773354
포장쪽파,log_qty_rollstd52,-0.18752063059126003
포장쪽파,price_vol_4,-0.02057735567071712
포장쪽파,price_vol_8,-0.04027192698799994
포장쪽파,price_vol_12,-0.07291660267640492
포장쪽파,year,0.4580326370495331
포장쪽파,month,-0.01199505970632658
포장쪽파,weekofyear,-0.03351678959396221
