item,week,pred_next_week_unit_price
기타,2022-06-21,1103.0655959703317
기타,2022-06-28,1042.6518140347014
기타,2022-07-05,1026.7839358335352
기타,2022-07-12,1296.2101890498843
기타,2022-07-19,1386.101091602873
기타,2022-07-26,1665.0535546341455
기타,2022-08-02,1672.0656416450624
기타,2022-08-09,1534.8112288625016
기타,2022-08-16,1419.7885114524806
기타,2022-08-23,1523.166262645808
기타,2022-08-30,1454.5689517202957
기타,2022-09-06,1431.406046748177
기타,2022-09-13,1319.391957425837
기타,2022-09-20,1342.3350351134793
기타,2022-09-27,1235.412312746327
기타,2022-10-04,1214.655723572756
기타,2022-10-11,1287.6270172491713
기타,2022-10-18,1329.8191256548132
기타,2022-10-25,1345.1166921354709
기타,2022-11-01,1337.2013762624758
기타,2022-11-08,1328.5099293836035
기타,2022-11-15,1332.8645536628076
기타,2022-11-22,1342.8050760653782
기타,2022-11-29,1339.3062919338722
기타,2022-12-06,1333.2907290697713
기타,2022-12-13,1364.0253634521587
기타,2022-12-20,1384.1388593280817
기타,2022-12-27,1364.9666706721298
기타,2023-01-03,1341.9306115638378
기타,2023-01-10,1324.2290613503285
기타,2023-01-17,1293.8917488905313
기타,2023-01-24,1274.5100527422048
기타,2023-01-31,1266.717568634078
기타,2023-02-07,1248.4599858522686
기타,2023-02-14,1268.0850545162816
기타,2023-02-21,1276.7192653433508
기타,2023-02-28,1236.26029603129
기타,2023-03-07,1249.7598421787452
기타,2023-03-14,1242.6541706879705
기타,2023-03-21,1242.933501203977
기타,2023-03-28,1234.7148977448244
기타,2023-04-04,1246.2165997298457
기타,2023-04-11,1242.3452277396423
기타,2023-04-18,1182.6871654670877
기타,2023-04-25,1180.3079453881303
기타,2023-05-02,1160.424986326276
기타,2023-05-09,1150.5134747153963
기타,2023-05-16,1110.477709555073
기타,2023-05-23,1067.1150704631293
기타,2023-05-30,1067.1150704631293
기타,2023-06-06,1085.5612620586217
기타,2023-06-13,1068.6190166447784
기타,2023-06-20,1066.2961749085073
기타,2023-06-27,1492.4406602219879
기타,2023-07-04,1468.4251681174658
기타,2023-07-11,1428.6060885889897
기타,2023-07-18,1428.6060885889897
기타,2023-07-25,1754.7676177631663
기타,2023-08-01,1649.8568444351665
기타,2023-08-08,1677.4432101151408
기타,2023-08-15,1677.4432101151408
기타,2023-08-22,1689.1901918670994
기타,2023-08-29,1647.7599572170568
기타,2023-09-05,1629.2889439229343
기타,2023-09-12,1528.1369990312571
기타,2023-09-19,1514.4381643499812
기타,2023-09-26,1496.1060631699777
기타,2023-10-03,1522.4452115216836
기타,2023-10-10,1518.5176890609212
기타,2023-10-17,1505.3718233749478
기타,2023-10-24,1492.289293253702
기타,2023-10-31,1492.289293253702
기타,2023-11-07,1464.806671196389
기타,2023-11-14,1464.806671196389
기타,2023-11-21,1484.097204336333
기타,2023-11-28,1485.3077961627932
기타,2023-12-05,1495.0909603449393
기타,2023-12-12,1578.441120019931
기타,2023-12-19,1574.762753718731
기타,2023-12-26,1553.991691957093
기타,2024-01-02,1593.8891871977544
기타,2024-01-09,1572.8664993618668
기타,2024-01-16,1539.2872196907829
기타,2024-01-23,1520.0758251298653
기타,2024-01-30,1510.975322968623
기타,2024-02-06,1439.0136975555681
기타,2024-02-13,1459.3085851906505
기타,2024-02-20,1470.0951806675396
기타,2024-02-27,1429.8728605966653
기타,2024-03-05,1459.248937724726
기타,2024-03-12,1468.8488240788724
기타,2024-03-19,1464.0039756265187
기타,2024-03-26,1446.822728352011
기타,2024-04-02,1455.2580845148564
기타,2024-04-09,1455.2580845148564
기타,2024-04-16,1449.8373766249688
기타,2024-04-23,1446.9211826182477
기타,2024-04-30,1438.6072439343652
기타,2024-05-07,1438.6072439343652
기타,2024-05-14,1433.3260177027923
기타,2024-05-21,1433.3260177027923
기타,2024-05-28,1433.3260177027923
기타,2024-06-04,1433.3260177027923
기타,2024-06-11,1433.3260177027923
기타,2024-06-18,1433.3260177027923
기타,2024-06-25,1492.4406602219879
기타,2024-07-02,1468.4251681174658
기타,2024-07-09,1428.6060885889897
기타,2024-07-16,1428.6060885889897
기타,2024-07-23,1754.7676177631663
기타,2024-07-30,1725.5948990782615
기타,2024-08-06,1677.4432101151408
기타,2024-08-13,1677.4432101151408
기타,2024-08-20,1689.1901918670994
기타,2024-08-27,1647.7599572170568
기타,2024-09-03,1629.2889439229343
기타,2024-09-10,1528.1369990312571
기타,2024-09-17,1514.4381643499812
기타,2024-09-24,1496.1060631699777
기타,2024-10-01,1522.4452115216836
기타,2024-10-08,1518.5176890609212
기타,2024-10-15,1505.3718233749478
기타,2024-10-22,1492.289293253702
기타,2024-10-29,1492.289293253702
기타,2024-11-05,1464.806671196389
기타,2024-11-12,1464.806671196389
기타,2024-11-19,1484.097204336333
기타,2024-11-26,1485.3077961627932
기타,2024-12-03,1495.0909603449393
기타,2024-12-10,1578.441120019931
기타,2024-12-17,1574.762753718731
기타,2024-12-24,1553.991691957093
기타,2024-12-31,1513.7219179867666
기타,2025-01-07,1572.8664993618668
기타,2025-01-14,1539.2872196907829
기타,2025-01-21,1520.0758251298653
기타,2025-01-28,1510.975322968623
기타,2025-02-18,2381.5160938700433
기타,2025-02-25,1525.2882929932555
기타,2025-03-04,1530.7625433642697
기타,2025-03-11,1781.9527409558616
기타,2025-03-18,1704.668402680954
기타,2025-04-29,8969.474655247146
기타,2025-05-06,1684.7048188460756
기타,2025-05-13,1853.4992875114704
기타,2025-05-20,1932.4909614457997
기타,2025-05-27,1755.550884549737
기타,2025-06-03,1543.106883643658
기타,2025-06-10,1520.3946253205934
기타,2025-06-17,1520.3946253205934
기타,2025-06-24,1544.667185832533
깐양파,2025-06-24,1439.7279260162397
깐쪽파,2025-06-24,9918.56443082821
깻잎(일반),2025-06-24,5037.347379052675
노랑파프리카,2025-06-24,2279.33530022474
녹광,2025-06-24,3805.2393601730714
뉴그린,2025-06-24,5098.55895662265
느타리버섯(일반),2025-06-24,4400.245223476885
단호박,2016-05-17,794.3159062975913
단호박,2017-03-14,696.7908172025019
단호박,2018-04-24,876.0567837784222
단호박,2018-05-08,517.3502402421607
단호박,2019-02-26,1243.067812599506
단호박,2019-03-05,1124.2899842288796
단호박,2019-03-12,983.0670491119508
단호박,2019-03-26,1292.112773135776
단호박,2019-04-30,1859.8201617634134
단호박,2019-05-07,1315.2413256457105
단호박,2019-05-14,1447.40510215656
단호박,2019-05-28,1670.5773012009306
단호박,2020-04-28,1118.8317680052498
단호박,2021-03-02,1035.5672698403916
단호박,2021-03-30,2074.380355090031
단호박,2021-04-27,2239.291021399103
단호박,2021-05-11,1646.754776451606
단호박,2022-02-22,1378.3187144831688
단호박,2022-04-05,1264.1400904020957
단호박,2022-04-12,1279.0951635216877
단호박,2022-04-19,1712.905274169994
단호박,2022-04-26,1731.2777105999937
단호박,2023-02-07,2972.9957663205
단호박,2023-03-07,1459.7682290350326
단호박,2023-03-21,1052.506968291545
단호박,2023-03-28,1501.0501742368042
단호박,2023-04-04,1382.7860110628378
단호박,2023-04-11,1940.2865875294758
단호박,2023-04-18,1939.316863524123
단호박,2023-04-25,1955.4605364233632
단호박,2023-05-02,2013.7129048290162
단호박,2023-05-09,1940.5192652664775
단호박,2023-05-16,1626.2892220917806
단호박,2023-05-30,4107.420819308965
단호박,2024-01-30,2046.1208919663175
단호박,2024-02-06,1277.4575937015481
단호박,2024-02-13,1665.142610725019
단호박,2024-03-05,1680.4304041321743
단호박,2024-03-12,1758.329237714217
단호박,2024-03-26,1514.8913476394644
단호박,2024-04-09,1187.7603277825783
단호박,2024-04-16,1857.346340467817
단호박,2024-04-23,1689.7557225538721
단호박,2024-04-30,2064.0073280212223
단호박,2024-05-07,1994.5605070253762
단호박,2024-05-14,1832.7774564985355
단호박,2025-03-11,694.5206021385883
단호박,2025-03-25,999.6900840737878
단호박,2025-04-01,1809.8745773305634
단호박,2025-04-08,1290.5608082980457
단호박,2025-04-15,2254.275868207522
단호박,2025-04-29,2558.4623693194453
단호박,2025-05-06,2331.8585774668777
단호박,2025-05-13,1752.5832852752587
단호박,2025-05-20,2260.41263310632
단호박,2025-06-24,2179.8436638466437
당근(일반),2025-06-24,1073.3879024263188
대추방울,2025-06-24,2872.5985714790854
대파(일반),2025-06-24,981.1687000456665
돌미나리,2016-02-23,2259.9917075803933
돌미나리,2016-03-01,1225.7309533312048
돌미나리,2016-03-08,1218.7998969805897
돌미나리,2016-03-15,1322.493884514177
돌미나리,2025-06-24,1539.720638221067
레드치커리,2025-06-24,4335.944116574692
마늘,2025-06-24,6766.904201389336
만생양파,2016-03-15,1080.627316119693
만생양파,2016-03-22,900.7940952633708
만생양파,2016-03-29,860.2159472836076
만생양파,2016-04-05,897.8031507990337
만생양파,2016-04-12,908.5313731968658
만생양파,2016-04-19,828.9646436562505
만생양파,2016-04-26,837.263694325305
만생양파,2016-05-03,801.0765835840076
만생양파,2016-05-10,771.7370875898672
만생양파,2016-05-17,710.2990135182345
만생양파,2016-05-24,689.165340228356
만생양파,2017-04-25,1884.892770871989
만생양파,2017-05-02,827.6084015336744
만생양파,2017-05-16,921.0411018834798
만생양파,2017-05-23,895.4853631013665
만생양파,2017-05-30,869.9193215230259
만생양파,2017-06-13,1042.5000105656732
만생양파,2017-06-20,765.8355902521961
만생양파,2018-05-01,652.6921147881189
만생양파,2018-05-08,502.99099881934035
만생양파,2018-05-15,490.28943620917653
만생양파,2019-04-23,359.21278601609976
만생양파,2019-05-14,920.0386255511982
만생양파,2020-04-14,1584.899433406405
만생양파,2020-04-21,710.0251380169987
만생양파,2020-04-28,845.2872682527268
만생양파,2020-05-05,721.588387432016
만생양파,2020-05-12,830.2293072329572
만생양파,2020-05-19,820.4996935555655
만생양파,2021-04-13,2026.3426539074487
만생양파,2021-04-20,958.3115146103169
만생양파,2021-04-27,925.156925627536
만생양파,2021-05-04,899.4573216416059
만생양파,2021-05-18,1239.7897791477446
만생양파,2022-04-26,315.61662099649413
만생양파,2022-05-03,483.3830536100239
만생양파,2022-05-10,479.85705186805995
만생양파,2022-05-17,685.3600388497327
만생양파,2023-04-25,1925.1477089736613
만생양파,2023-05-02,935.5999188487257
만생양파,2023-05-09,1008.1660538959871
만생양파,2024-04-09,1328.663743177125
만생양파,2024-04-16,686.1633146256736
만생양파,2024-05-07,1914.4197036290786
만생양파,2025-04-08,816.7502329127416
만생양파,2025-04-15,857.3848185947512
만생양파,2025-04-22,871.9158103468228
만생양파,2025-04-29,847.1231198083775
만생양파,2025-05-13,656.1854961653863
만생양파,2025-05-20,711.3908227532363
만생양파,2025-06-24,692.3057843953352
맛느타리버섯,2025-06-24,2634.3578242635685
미나리(일반),2025-06-24,3300.6921009558214
밤고구마,2025-06-24,2477.02205938399
방울토마토,2025-06-24,3350.5596840890803
백다다기,2025-06-24,1863.049472609109
브로코리(국산),2025-06-24,3702.339435205679
빨강파프리카,2025-06-24,2858.6097449461345
새송이(일반),2025-06-24,2096.3475714407136
수미,2025-06-24,1122.7195135779414
시금치(일반),2025-06-24,4969.093243820897
애호박,2025-06-24,2390.6604244658465
양배추(일반),2025-06-24,468.23445856350924
양상추(일반),2025-06-24,1412.301200942125
양송이(일반),2025-06-24,5941.811518781189
영양부추,2025-06-24,3561.2726915931703
오이맛고추,2025-06-24,2608.9723565091244
완숙토마토,2025-06-24,1308.7601894085135
일반부추,2025-06-24,1495.1722757118462
자주양파,2016-04-05,1838.7432002815738
자주양파,2016-04-12,956.698025242568
자주양파,2025-06-24,948.5771568556224
적채(일반),2025-06-24,915.1403624681025
쥬키니호박,2023-03-21,1474.0896418200746
쥬키니호박,2025-06-24,1246.4045355615738
쪽파(일반),2022-12-13,809.2995225876294
쪽파(일반),2022-12-20,1577.8032020345418
쪽파(일반),2023-05-02,3071.9249172758637
쪽파(일반),2023-05-30,1785.6971603354152
쪽파(일반),2023-06-06,1942.74902236512
쪽파(일반),2023-06-13,1920.3436545321945
쪽파(일반),2023-06-20,2015.6895592046706
쪽파(일반),2025-06-24,4041.3881091331086
청고추,2025-06-24,3057.7221138856426
청양,2025-06-24,3292.040692806072
청초(일반),2025-06-24,2926.4912303389156
청피망,2025-06-24,3139.9351835580023
취청,2025-06-24,1950.6121753397906
치커리(일반),2025-06-24,4949.948065605084
치콘,2025-06-24,3435.788575341753
토마토(일반),2025-06-24,1400.395076561055
파프리카,2025-06-24,1977.427768768919
팽이,2025-06-24,1370.567186582159
포장쪽파,2025-06-24,4570.220542189014
표고버섯(일반),2025-06-24,6185.668195156779
호박고구마,2025-06-24,1976.6439311096753
홍고추(일반),2025-06-24,4860.284821945941
홍청양,2025-06-24,3174.594348494582
홍피망,2025-06-24,4207.196571774877
